approval_id,company,project_name,raw_code,reason,source_md,standard_code
APPROVAL_00097,佛山市顺德区乐菱五金制品有限公司,佛山市顺德区乐菱五金制品有限公司第四 车间新建项目,GB12348-2,invalid_standard_code,E:\软件\approval_mineru_parsed\2021_043-恒正升（043号，技术评估，深圳同舟）\approval.md,GB12348-2
APPROVAL_00120,佛山市顺德区金聚祥塑胶有限公司,加快推进生态文明建设的意见》提出的大气、水、土壤等环境质 量‘只能更好、不能变坏’的环保责任红线，项目,DA001,invalid_standard_code,E:\软件\approval_mineru_parsed\2021_202111051628356682.3.公示版--佛山市顺德区金聚祥塑胶有限公司建设项目\approval.md,DA001
APPROVAL_00120,佛山市顺德区金聚祥塑胶有限公司,加快推进生态文明建设的意见》提出的大气、水、土壤等环境质 量‘只能更好、不能变坏’的环保责任红线，项目,GB37822-2,invalid_standard_code,E:\软件\approval_mineru_parsed\2021_202111051628356682.3.公示版--佛山市顺德区金聚祥塑胶有限公司建设项目\approval.md,GB37822-2
APPROVAL_00120,佛山市顺德区金聚祥塑胶有限公司,加快推进生态文明建设的意见》提出的大气、水、土壤等环境质 量‘只能更好、不能变坏’的环保责任红线，项目,DA001,invalid_standard_code,E:\软件\approval_mineru_parsed\2021_202111051628356682.3.公示版--佛山市顺德区金聚祥塑胶有限公司建设项目\approval.md,DA001
APPROVAL_00120,佛山市顺德区金聚祥塑胶有限公司,加快推进生态文明建设的意见》提出的大气、水、土壤等环境质 量‘只能更好、不能变坏’的环保责任红线，项目,DA001,invalid_standard_code,E:\软件\approval_mineru_parsed\2021_202111051628356682.3.公示版--佛山市顺德区金聚祥塑胶有限公司建设项目\approval.md,DA001
APPROVAL_00120,佛山市顺德区金聚祥塑胶有限公司,加快推进生态文明建设的意见》提出的大气、水、土壤等环境质 量‘只能更好、不能变坏’的环保责任红线，项目,DA001,invalid_standard_code,E:\软件\approval_mineru_parsed\2021_202111051628356682.3.公示版--佛山市顺德区金聚祥塑胶有限公司建设项目\approval.md,DA001
APPROVAL_00120,佛山市顺德区金聚祥塑胶有限公司,加快推进生态文明建设的意见》提出的大气、水、土壤等环境质 量‘只能更好、不能变坏’的环保责任红线，项目,DA001,invalid_standard_code,E:\软件\approval_mineru_parsed\2021_202111051628356682.3.公示版--佛山市顺德区金聚祥塑胶有限公司建设项目\approval.md,DA001
APPROVAL_00120,佛山市顺德区金聚祥塑胶有限公司,加快推进生态文明建设的意见》提出的大气、水、土壤等环境质 量‘只能更好、不能变坏’的环保责任红线，项目,DA001,invalid_standard_code,E:\软件\approval_mineru_parsed\2021_202111051628356682.3.公示版--佛山市顺德区金聚祥塑胶有限公司建设项目\approval.md,DA001
APPROVAL_00120,佛山市顺德区金聚祥塑胶有限公司,加快推进生态文明建设的意见》提出的大气、水、土壤等环境质 量‘只能更好、不能变坏’的环保责任红线，项目,DA001,invalid_standard_code,E:\软件\approval_mineru_parsed\2021_202111051628356682.3.公示版--佛山市顺德区金聚祥塑胶有限公司建设项目\approval.md,DA001
APPROVAL_00120,佛山市顺德区金聚祥塑胶有限公司,加快推进生态文明建设的意见》提出的大气、水、土壤等环境质 量‘只能更好、不能变坏’的环保责任红线，项目,DA001,invalid_standard_code,E:\软件\approval_mineru_parsed\2021_202111051628356682.3.公示版--佛山市顺德区金聚祥塑胶有限公司建设项目\approval.md,DA001
APPROVAL_00120,佛山市顺德区金聚祥塑胶有限公司,加快推进生态文明建设的意见》提出的大气、水、土壤等环境质 量‘只能更好、不能变坏’的环保责任红线，项目,DA001,invalid_standard_code,E:\软件\approval_mineru_parsed\2021_202111051628356682.3.公示版--佛山市顺德区金聚祥塑胶有限公司建设项目\approval.md,DA001
APPROVAL_00120,佛山市顺德区金聚祥塑胶有限公司,加快推进生态文明建设的意见》提出的大气、水、土壤等环境质 量‘只能更好、不能变坏’的环保责任红线，项目,DA001,invalid_standard_code,E:\软件\approval_mineru_parsed\2021_202111051628356682.3.公示版--佛山市顺德区金聚祥塑胶有限公司建设项目\approval.md,DA001
APPROVAL_00120,佛山市顺德区金聚祥塑胶有限公司,加快推进生态文明建设的意见》提出的大气、水、土壤等环境质 量‘只能更好、不能变坏’的环保责任红线，项目,DB44/T1461,invalid_standard_code,E:\软件\approval_mineru_parsed\2021_202111051628356682.3.公示版--佛山市顺德区金聚祥塑胶有限公司建设项目\approval.md,DB44/T1461
APPROVAL_00120,佛山市顺德区金聚祥塑胶有限公司,加快推进生态文明建设的意见》提出的大气、水、土壤等环境质 量‘只能更好、不能变坏’的环保责任红线，项目,HJ2,invalid_standard_code,E:\软件\approval_mineru_parsed\2021_202111051628356682.3.公示版--佛山市顺德区金聚祥塑胶有限公司建设项目\approval.md,HJ2
APPROVAL_00120,佛山市顺德区金聚祥塑胶有限公司,加快推进生态文明建设的意见》提出的大气、水、土壤等环境质 量‘只能更好、不能变坏’的环保责任红线，项目,HJ2,invalid_standard_code,E:\软件\approval_mineru_parsed\2021_202111051628356682.3.公示版--佛山市顺德区金聚祥塑胶有限公司建设项目\approval.md,HJ2
APPROVAL_00120,佛山市顺德区金聚祥塑胶有限公司,加快推进生态文明建设的意见》提出的大气、水、土壤等环境质 量‘只能更好、不能变坏’的环保责任红线，项目,HJ2,invalid_standard_code,E:\软件\approval_mineru_parsed\2021_202111051628356682.3.公示版--佛山市顺德区金聚祥塑胶有限公司建设项目\approval.md,HJ2
APPROVAL_00120,佛山市顺德区金聚祥塑胶有限公司,加快推进生态文明建设的意见》提出的大气、水、土壤等环境质 量‘只能更好、不能变坏’的环保责任红线，项目,DA001,invalid_standard_code,E:\软件\approval_mineru_parsed\2021_202111051628356682.3.公示版--佛山市顺德区金聚祥塑胶有限公司建设项目\approval.md,DA001
APPROVAL_00136,佛山市绿睿新材料科技有限公司,佛山市绿睿新材料科技 有限公司新建项目,G1,invalid_standard_code,E:\软件\approval_mineru_parsed\2021_2021_4743830_1\approval.md,G1
APPROVAL_00186,佛山市晋轩塑料制品有限公司,佛山市晋轩塑料制品有 限公司新建项目,GB/31572-2015,invalid_standard_code,E:\软件\approval_mineru_parsed\2021_佛山市生态环境局关于佛山市晋轩塑料制品有限公司新建项目环境影响报告表的批复_\approval.md,GB/31572-2015
APPROVAL_00194,佛山市顺德区宝富莱无纺布有限公司,佛山市顺德区宝富莱无 纺布有限公司扩建项目,GB/31572-2015,invalid_standard_code,E:\软件\approval_mineru_parsed\2021_佛山市生态环境局关于佛山市顺德区宝富莱无纺布有限公司扩建项目环境影响报告表的批复\approval.md,GB/31572-2015
APPROVAL_00211,佛山市顺德区丹煜包装制品有限公司,对涉水排放的建设项目,HJ2,invalid_standard_code,E:\软件\approval_mineru_parsed\2021_佛山市顺德区丹煜包装制品有限公司新建项目\approval.md,HJ2
APPROVAL_00211,佛山市顺德区丹煜包装制品有限公司,对涉水排放的建设项目,HJ2,invalid_standard_code,E:\软件\approval_mineru_parsed\2021_佛山市顺德区丹煜包装制品有限公司新建项目\approval.md,HJ2
APPROVAL_00211,佛山市顺德区丹煜包装制品有限公司,对涉水排放的建设项目,DB44/814,invalid_standard_code,E:\软件\approval_mineru_parsed\2021_佛山市顺德区丹煜包装制品有限公司新建项目\approval.md,DB44/814
APPROVAL_00211,佛山市顺德区丹煜包装制品有限公司,对涉水排放的建设项目,DB44/814,invalid_standard_code,E:\软件\approval_mineru_parsed\2021_佛山市顺德区丹煜包装制品有限公司新建项目\approval.md,DB44/814
APPROVAL_00211,佛山市顺德区丹煜包装制品有限公司,对涉水排放的建设项目,DB44/T1461,invalid_standard_code,E:\软件\approval_mineru_parsed\2021_佛山市顺德区丹煜包装制品有限公司新建项目\approval.md,DB44/T1461
APPROVAL_00211,佛山市顺德区丹煜包装制品有限公司,对涉水排放的建设项目,HJ2,invalid_standard_code,E:\软件\approval_mineru_parsed\2021_佛山市顺德区丹煜包装制品有限公司新建项目\approval.md,HJ2
APPROVAL_00211,佛山市顺德区丹煜包装制品有限公司,对涉水排放的建设项目,GB18599-2,invalid_standard_code,E:\软件\approval_mineru_parsed\2021_佛山市顺德区丹煜包装制品有限公司新建项目\approval.md,GB18599-2
APPROVAL_00334,佛山市新恒诚金属制品有限公司,佛山市新恒诚金属制品 有限公司新建项目,GB5085,invalid_standard_code,E:\软件\approval_mineru_parsed\2021_佛环0305环审〔2021〕第0010号【佛山市新恒诚金属制品有限公司新建项目】\approval.md,GB5085
APPROVAL_00359,佛山市创昊达金属制品有限公司,佛山市创昊达金属制品有限公司新建项目,GB44,invalid_standard_code,E:\软件\approval_mineru_parsed\2021_公示佛山市生态环境局关于佛山市创昊达金属制品有限公司新建项目环境影响报告表的批复\approval.md,GB44
APPROVAL_00396,佛山市顺德区和同包装实业有限公司,佛山市顺德区和同包装实业有限公司扩建项 目,GB12348-2,invalid_standard_code,E:\软件\approval_mineru_parsed\2021_关于佛山市顺德区快高远包装有限公司迁改扩建项目环境影响报告表的批复\approval.md,GB12348-2
APPROVAL_00406,佛山市宗宝纸品有限公司,佛山市宗宝纸品有限公司迁改扩建项目,GB12348-2,invalid_standard_code,E:\软件\approval_mineru_parsed\2021_关于广东美的厨房电器制造有限公司马龙厂区年产发热管150万件扩建项目环境影响报告表的批复\approval.md,GB12348-2
APPROVAL_00455,佛山市顺德区安爱工业有限公司,佛山市顺德区安爱工业有限 公司富安分厂扩建项目,GB44,invalid_standard_code,E:\软件\approval_mineru_parsed\2021_（佛环0304环审【2021】第0006号）佛山市生态环境局关于佛山市顺德区安爱工业有限公司富安分厂扩建项目环境影响报告表的批复\approval.md,GB44
APPROVAL_00549,佛山市盛期塑料有限公司,佛山市盛期塑料有限 公司迁扩建项目,DB44-2367,invalid_standard_code,E:\软件\approval_mineru_parsed\2022_佛山市生态环境局关于佛山市盛期塑料有限公司迁扩建项目环境影响报告表的批复\approval.md,DB44-2367
APPROVAL_00549,佛山市盛期塑料有限公司,佛山市盛期塑料有限 公司迁扩建项目,DB44-2367,invalid_standard_code,E:\软件\approval_mineru_parsed\2022_佛山市生态环境局关于佛山市盛期塑料有限公司迁扩建项目环境影响报告表的批复\approval.md,DB44-2367
APPROVAL_00565,广东顺控水务投资建设有限公司,,DB44/26,invalid_standard_code,E:\软件\approval_mineru_parsed\2022_佛山市生态环境局关于顺德区群力围、石龙围水体综合整治工程（2021~2023）-水环境整治工程群力围污水处理厂扩容工程环境影响报告表的批复\approval.md,DB44/26
APPROVAL_00641,佛山市泽敏塑料制品有限公司,佛山市泽敏塑料制品 有限公司迁扩建项目,GB/31572-2015,invalid_standard_code,E:\软件\approval_mineru_parsed\2022_佛环0305环审〔2022〕67号【佛山市泽敏塑料制品有限公司迁扩建项目】\approval.md,GB/31572-2015
APPROVAL_00717,广东美创希科技有限公司,广东美创希科技有限公司年产线路板60 万 片新建项目,GB—3,invalid_standard_code,E:\软件\approval_mineru_parsed\2022_佛环03环审〔2022〕94号\approval.md,GB-3
APPROVAL_00725,广东俊耀电子有限公司,广东俊耀电子有限公司 新建项目,GB44,invalid_standard_code,E:\软件\approval_mineru_parsed\2022_佛环03环审〔2022〕第0037号\approval.md,GB44
APPROVAL_00753,广东顺德齐航科技有限公司,广东顺德齐航科技有限公司 迁扩建项目,DB44-26,invalid_standard_code,E:\软件\approval_mineru_parsed\2022_公示佛山市生态环境局关于广东顺德齐航科技有限公司迁扩建项目环境影响报告表的批复\approval.md,DB44-26
APPROVAL_00763,佛山市桂森纸品有限公司,佛山市桂森纸品有限公司迁扩建项目,GB12348-2,invalid_standard_code,E:\软件\approval_mineru_parsed\2022_关于佛山市桂森纸品有限公司迁扩建项目环境影响报告表的批复\approval.md,GB12348-2
APPROVAL_00772,佛山市纸立方包装科技有限公司,佛山市纸立方包装科技有限公司新建项目,GB12348-2,invalid_standard_code,E:\软件\approval_mineru_parsed\2022_关于佛山市肇升塑料制品有限公司新建项目\approval.md,GB12348-2
APPROVAL_00797,广东美的暖通设备有限公司,广东美的暖通设备有限公司改扩建项目,DB44/27-2,invalid_standard_code,E:\软件\approval_mineru_parsed\2022_关于佛山市顺德区讯德电子电器有限公司年产9500万个电容器迁扩建项目环境影响报告表的批复\approval.md,DB44/27-2
APPROVAL_00800,广东顺德日清食品有限公司,广东顺德日清食品有限公司扩建项目,GB12348-2,invalid_standard_code,E:\软件\approval_mineru_parsed\2022_关于佛山市顺德实真智能科技有限公司年产电磁阀500万套、水压开关30万套新建项目环境影响报告表的批复\approval.md,GB12348-2
APPROVAL_00866,佛山市宝菱电器有限公司,佛山市 宝菱电器有限公司迁建项目,DB44-2367,invalid_standard_code,E:\软件\approval_mineru_parsed\2023_佛山市生态环境局关于佛山市宝菱电器有限公司迁建项目环境影响报告表的批复\approval.md,DB44-2367
APPROVAL_00894,佛山市顺德区帮全电子有限公司,佛 山市顺德区帮全电子有限公司迁扩建项目,DB44-2367,invalid_standard_code,E:\软件\approval_mineru_parsed\2023_佛山市生态环境局关于佛山市顺德区帮全电子有限公司迁扩建项目环境影响报告表的批复\approval.md,DB44-2367
APPROVAL_00916,广东美的智能科技有限公司,广 东美的智能科技有限公司新建项目,DB44-2367,invalid_standard_code,E:\软件\approval_mineru_parsed\2023_佛山市生态环境局关于广东美的智能科技有限公司新建项目环境影响报告表的批复\approval.md,DB44-2367
APPROVAL_00946,佛山市丹特新材料科技有限公司,,DB44-2367,invalid_standard_code,E:\软件\approval_mineru_parsed\2023_佛环0304环审〔2023〕31号_佛山市生态环境局关于佛山市丹特新材料科技有限公司新建项目环境影响报告表的批复\approval.md,DB44-2367
APPROVAL_00953,佛山有仓智能制造有限公司,佛山有仓智能制造 有限公司新建项目,DA002,invalid_standard_code,E:\软件\approval_mineru_parsed\2023_佛环0305环审〔2023〕16号【佛山有仓智能制造有限公司新建项目】\approval.md,DA002
APPROVAL_00959,广东思创达铝业科技有限公司,广东思创达铝业科技 有限公司改扩建项目,G6,invalid_standard_code,E:\软件\approval_mineru_parsed\2023_佛环0305环审〔2023〕22号【广东思创达铝业科技有限公司改扩建项目】\approval.md,G6
APPROVAL_00993,佛山市顺德区简得建材有限公司,佛山市顺德区简得 建材有限公司搬迁项目,GB—3,invalid_standard_code,E:\软件\approval_mineru_parsed\2023_佛环03环审〔2022〕113号佛山市生态环境局关于佛山市顺德区简得建材有限公司搬迁项目建设项目环境影响报告表的批复\approval.md,GB-3
APPROVAL_01000,广东省佛山市环宸磁电科技有限公司,广 东省佛山市环宸磁电科技有限公司建设项目,G1,invalid_standard_code,E:\软件\approval_mineru_parsed\2023_佛环03环审〔2023〕103号佛山市生态环境局关于广东省佛山市环宸磁电科技有限公司建设项目环境影响报告书的批复\approval.md,G1
APPROVAL_01000,广东省佛山市环宸磁电科技有限公司,广 东省佛山市环宸磁电科技有限公司建设项目,G5,invalid_standard_code,E:\软件\approval_mineru_parsed\2023_佛环03环审〔2023〕103号佛山市生态环境局关于广东省佛山市环宸磁电科技有限公司建设项目环境影响报告书的批复\approval.md,G5
APPROVAL_01010,佛山市晔煜电子科技有限公司,佛山市晔 煜电子科技有限公司迁扩建项目,GB—4,invalid_standard_code,E:\软件\approval_mineru_parsed\2023_佛环03环审〔2023〕115号\approval.md,GB-4
APPROVAL_01011,佛山圣坤包装材料有限公司,佛 山圣坤包装材料有限公司新建项目,GB44,invalid_standard_code,E:\软件\approval_mineru_parsed\2023_佛环03环审〔2023〕116号\approval.md,GB44
APPROVAL_01012,佛山市风之森固体废物处理科技有限公司,佛 山市风之森固体废物处理科技有限公司建设项目,GB—3,invalid_standard_code,E:\软件\approval_mineru_parsed\2023_佛环03环审〔2023〕118号\approval.md,GB-3
APPROVAL_01017,佛山市顺德区卡林托油墨厂,佛山市顺德区卡林托 油墨厂搬迁改扩建项目,G1,invalid_standard_code,E:\软件\approval_mineru_parsed\2023_佛环03环审〔2023〕125号\approval.md,G1
APPROVAL_01037,佛山市小稻田新材料有限公司,佛山 市小稻田新材料有限公司新建项目建设项目,DA001,invalid_standard_code,E:\软件\approval_mineru_parsed\2023_佛环03环审〔2023〕149号\approval.md,DA001
APPROVAL_01045,佛山市顺德区奥格威电子科技有限公司,佛山市顺德区奥格威 电子科技有限公司新建项目,G1,invalid_standard_code,E:\软件\approval_mineru_parsed\2023_佛环03环审〔2023〕157号\approval.md,G1
APPROVAL_01047,佛山市顺德区立创电子有限公司,佛山市 顺德区立创电子有限公司迁扩建项目建设项目,DA001,invalid_standard_code,E:\软件\approval_mineru_parsed\2023_佛环03环审〔2023〕161号\approval.md,DA001
APPROVAL_01059,佛山市焕艺环保建材有限公司,佛山市 焕艺环保建材有限公司搬迁项目建设项目,GB12348—3,invalid_standard_code,E:\软件\approval_mineru_parsed\2023_佛环03环审〔2023〕172号\approval.md,GB12348-3
APPROVAL_01070,广东骏捷环保科技有限公司,广东骏捷环保科技有限公司年产UV 涂料3000 吨新建项目,G1,invalid_standard_code,E:\软件\approval_mineru_parsed\2023_佛环03环审〔2023〕29号\approval.md,G1
APPROVAL_01070,广东骏捷环保科技有限公司,广东骏捷环保科技有限公司年产UV 涂料3000 吨新建项目,GB—3,invalid_standard_code,E:\软件\approval_mineru_parsed\2023_佛环03环审〔2023〕29号\approval.md,GB-3
APPROVAL_01072,佛山市鑫龙达海绵有限公司,佛山市鑫龙达海绵有限公司新建项目建设项 目,G1,invalid_standard_code,E:\软件\approval_mineru_parsed\2023_佛环03环审〔2023〕30号\approval.md,G1
APPROVAL_01074,佛山市顺德区龙江镇祁之海家具材料厂,佛山市顺德区龙江镇祁之海家具材料厂新建 项目建设项目,G1,invalid_standard_code,E:\软件\approval_mineru_parsed\2023_佛环03环审〔2023〕33号\approval.md,G1
APPROVAL_01076,永创翔亿（佛山）新能源材料技术有限公司,永创翔亿（佛山）新能源材料技术有限公司 新建项目建设项目,G1,invalid_standard_code,E:\软件\approval_mineru_parsed\2023_佛环03环审〔2023〕35号佛山市生态环境局关于永创翔亿（佛山）新能源材料技术有限公司新建项目建设项目环境影响报告表的批复\approval.md,G1
APPROVAL_01076,永创翔亿（佛山）新能源材料技术有限公司,永创翔亿（佛山）新能源材料技术有限公司 新建项目建设项目,G2,invalid_standard_code,E:\软件\approval_mineru_parsed\2023_佛环03环审〔2023〕35号佛山市生态环境局关于永创翔亿（佛山）新能源材料技术有限公司新建项目建设项目环境影响报告表的批复\approval.md,G2
APPROVAL_01076,永创翔亿（佛山）新能源材料技术有限公司,永创翔亿（佛山）新能源材料技术有限公司 新建项目建设项目,G3,invalid_standard_code,E:\软件\approval_mineru_parsed\2023_佛环03环审〔2023〕35号佛山市生态环境局关于永创翔亿（佛山）新能源材料技术有限公司新建项目建设项目环境影响报告表的批复\approval.md,G3
APPROVAL_01078,蒙太奇（佛山）科技有限公司,蒙太奇（佛山）科技有限公司扩建项目建设 项目,GB18597—3,invalid_standard_code,E:\软件\approval_mineru_parsed\2023_佛环03环审〔2023〕39号佛山市生态环境局关于蒙太奇（佛山）科技有限公司扩建项目建设项目环境影响报告表的批复\approval.md,GB18597-3
APPROVAL_01080,广东阅生活家居科技有限公司,广东阅生活家居科技有限公司总部基地新建 项目建设项目,G1,invalid_standard_code,E:\软件\approval_mineru_parsed\2023_佛环03环审〔2023〕40号佛山市生态环境局关于广东阅生活家居科技有限公司总部基地新建项目建设项目环境影响报告表的批复\approval.md,G1
APPROVAL_01080,广东阅生活家居科技有限公司,广东阅生活家居科技有限公司总部基地新建 项目建设项目,G8,invalid_standard_code,E:\软件\approval_mineru_parsed\2023_佛环03环审〔2023〕40号佛山市生态环境局关于广东阅生活家居科技有限公司总部基地新建项目建设项目环境影响报告表的批复\approval.md,G8
APPROVAL_01080,广东阅生活家居科技有限公司,广东阅生活家居科技有限公司总部基地新建 项目建设项目,G9,invalid_standard_code,E:\软件\approval_mineru_parsed\2023_佛环03环审〔2023〕40号佛山市生态环境局关于广东阅生活家居科技有限公司总部基地新建项目建设项目环境影响报告表的批复\approval.md,G9
APPROVAL_01080,广东阅生活家居科技有限公司,广东阅生活家居科技有限公司总部基地新建 项目建设项目,G10,invalid_standard_code,E:\软件\approval_mineru_parsed\2023_佛环03环审〔2023〕40号佛山市生态环境局关于广东阅生活家居科技有限公司总部基地新建项目建设项目环境影响报告表的批复\approval.md,G10
APPROVAL_01096,佛山市银星智能制造有限公司,佛山市银星智能制造有限公司服务机器人研 发制造建设项目建设项目,G1,invalid_standard_code,E:\软件\approval_mineru_parsed\2023_佛环03环审〔2023〕60号\approval.md,G1
APPROVAL_01096,佛山市银星智能制造有限公司,佛山市银星智能制造有限公司服务机器人研 发制造建设项目建设项目,G2,invalid_standard_code,E:\软件\approval_mineru_parsed\2023_佛环03环审〔2023〕60号\approval.md,G2
APPROVAL_01096,佛山市银星智能制造有限公司,佛山市银星智能制造有限公司服务机器人研 发制造建设项目建设项目,G3,invalid_standard_code,E:\软件\approval_mineru_parsed\2023_佛环03环审〔2023〕60号\approval.md,G3
APPROVAL_01096,佛山市银星智能制造有限公司,佛山市银星智能制造有限公司服务机器人研 发制造建设项目建设项目,G4,invalid_standard_code,E:\软件\approval_mineru_parsed\2023_佛环03环审〔2023〕60号\approval.md,G4
APPROVAL_01096,佛山市银星智能制造有限公司,佛山市银星智能制造有限公司服务机器人研 发制造建设项目建设项目,G5,invalid_standard_code,E:\软件\approval_mineru_parsed\2023_佛环03环审〔2023〕60号\approval.md,G5
APPROVAL_01096,佛山市银星智能制造有限公司,佛山市银星智能制造有限公司服务机器人研 发制造建设项目建设项目,G1,invalid_standard_code,E:\软件\approval_mineru_parsed\2023_佛环03环审〔2023〕60号\approval.md,G1
APPROVAL_01096,佛山市银星智能制造有限公司,佛山市银星智能制造有限公司服务机器人研 发制造建设项目建设项目,G2,invalid_standard_code,E:\软件\approval_mineru_parsed\2023_佛环03环审〔2023〕60号\approval.md,G2
APPROVAL_01096,佛山市银星智能制造有限公司,佛山市银星智能制造有限公司服务机器人研 发制造建设项目建设项目,G3,invalid_standard_code,E:\软件\approval_mineru_parsed\2023_佛环03环审〔2023〕60号\approval.md,G3
APPROVAL_01096,佛山市银星智能制造有限公司,佛山市银星智能制造有限公司服务机器人研 发制造建设项目建设项目,G4,invalid_standard_code,E:\软件\approval_mineru_parsed\2023_佛环03环审〔2023〕60号\approval.md,G4
APPROVAL_01096,佛山市银星智能制造有限公司,佛山市银星智能制造有限公司服务机器人研 发制造建设项目建设项目,G5,invalid_standard_code,E:\软件\approval_mineru_parsed\2023_佛环03环审〔2023〕60号\approval.md,G5
APPROVAL_01106,佛山市顺德区宝永捷智能科技有限公司,佛山市顺德区宝永捷智能科技有限公司迁扩 建项目建设项目,GB12348—3,invalid_standard_code,E:\软件\approval_mineru_parsed\2023_佛环03环审〔2023〕71号\approval.md,GB12348-3
APPROVAL_01112,佛山市顺德区君美达智能装备有限公司,佛山市顺德区君美达智能装备有限公司新建 项目建设项目,GB12348—3,invalid_standard_code,E:\软件\approval_mineru_parsed\2023_佛环03环审〔2023〕79号\approval.md,GB12348-3
APPROVAL_01120,广东申菱热储科技有限公司,广东申菱热储科技有限 公司新建项目,GB12348—3,invalid_standard_code,E:\软件\approval_mineru_parsed\2023_佛环03环审〔2023〕88号\approval.md,GB12348-3
APPROVAL_01128,佛山天胶新材料有限公司,佛山 天胶新材料有限公司迁扩建项目建设项目,DA001,invalid_standard_code,E:\软件\approval_mineru_parsed\2023_佛环03环审〔2023〕98号\approval.md,DA001
APPROVAL_01130,伊之密股份有限公司,伊之密股份有限公司五沙第三工厂3#车间新 建项目,DA002,invalid_standard_code,E:\软件\approval_mineru_parsed\2023_佛环03环审〔2023〕9号\approval.md,DA002
APPROVAL_01148,佛山市顺德区准一电器有限公司,佛山市顺德区准一电器有限公司造粒车间新 建项目,DB44-26,invalid_standard_code,E:\软件\approval_mineru_parsed\2023_公示佛山市生态环境局关于佛山市顺德区准一电器有限公司造粒车间新建项目环境影响报告表的批复\approval.md,DB44-26
APPROVAL_01172,广东省世航电器实业有限公司,广东省世航电器实业有 限公司新建项目,DB44/2367,invalid_standard_code,E:\软件\approval_mineru_parsed\2023_关于佛山市新焕源塑料制品有限公司年产塑料条40吨新建项目环境影响报告表的批复\approval.md,DB44/2367
APPROVAL_01188,广东恒基金属股份有限公司,广东恒基金属股份有限公司大金管件生产专 区新建技术改造项目,DB44,invalid_standard_code,E:\软件\approval_mineru_parsed\2023_广东恒基金属股份有限公司大金管件生产专区新建技术改造项目环境影响报告表的批复\approval.md,DB44
APPROVAL_01223,广东顺控水务投资建设有限公司,顺德区群力 围、石龙围水体综合整治工程（2021~2023）-水污染防治工程群 力围污水厂改扩建工程（重大变动）,DA002,invalid_standard_code,E:\软件\approval_mineru_parsed\2024_于顺德区群力围、石龙围水体综合整治工程（2021~2023）-水污染防治工程群力围污水厂改扩建工程（重大变动）环境影响报告表的批复\approval.md,DA002
APPROVAL_01226,佛山市顺德区迅优美手板模型制造厂,佛山市顺德区迅优美手 板模型制造厂迁建项目,DB44/27,invalid_standard_code,E:\软件\approval_mineru_parsed\2024_佛山市生态环境局关于佛山市中境净化设备有限公司建设项目环境影响报告表的批复\approval.md,DB44/27
APPROVAL_01230,佛山市佳德迩电器有限公司,佛山市 佳德迩电器有限公司新建项目建设项目,DA001,invalid_standard_code,E:\软件\approval_mineru_parsed\2024_佛山市生态环境局关于佛山市佳德迩电器有限公司新建项目建设项目环境影响报告表的批复\approval.md,DA001
APPROVAL_01234,佛山市倍奇模具科技有限公司,佛 山市倍奇模具科技有限公司迁改扩建项目,DA001,invalid_standard_code,E:\软件\approval_mineru_parsed\2024_佛山市生态环境局关于佛山市博海森塑料制品有限公司新建项目环境影响报告表的批复\approval.md,DA001
APPROVAL_01236,佛山市富懿塑料制品有限公司,佛山市 富懿塑料制品有限公司新建项目建设项目,DA001,invalid_standard_code,E:\软件\approval_mineru_parsed\2024_佛山市生态环境局关于佛山市富懿塑料制品有限公司新建项目建设项目环境影响报告表的批复\approval.md,DA001
APPROVAL_01242,佛山市顺德区恒百健塑料制品有限公司第二分公司,佛山市顺德区恒百健塑 料制品有限公司第二分公司新建项目,G1,invalid_standard_code,E:\软件\approval_mineru_parsed\2024_佛山市生态环境局关于佛山市榕顺新材料科技有限公司建设项目环境影响报告表的批复\approval.md,G1
APPROVAL_01264,佛山市顺德区千品赛食品有限公司,佛山市顺 德区千品赛食品有限公司新建项目,G2,invalid_standard_code,E:\软件\approval_mineru_parsed\2024_佛山市生态环境局关于佛山市顺德区千品赛食品有限公司新建项目环境影响报告表的批复\approval.md,G2
APPROVAL_01265,佛山市顺德区全华工艺饰品有限公司,佛山市顺德区全华工艺 饰品有限公司新建项目,G1,invalid_standard_code,E:\软件\approval_mineru_parsed\2024_佛山市生态环境局关于佛山市顺德区壹驰五金厂迁改扩建项目建设项目环境影响报告表的批复\approval.md,G1
APPROVAL_01266,佛山纳膜新材料有限公司,佛山纳 膜新材料有限公司新建项目建设项目,DA001,invalid_standard_code,E:\软件\approval_mineru_parsed\2024_佛山市生态环境局关于佛山市顺德区官皇五金塑料有限公司迁改扩建项目建设项目环境影响报告表的批复\approval.md,DA001
APPROVAL_01269,佛山耀冠塑料制品有限公司,佛 山耀冠塑料制品有限公司建设项目,DA001,invalid_standard_code,E:\软件\approval_mineru_parsed\2024_佛山市生态环境局关于佛山市顺德区恒百健塑料制品有限公司第二分公司新建项目环境影响报告表的批复\approval.md,DA001
APPROVAL_01275,佛山市顺德区睿焙制冷设备有限公司,佛山市顺 德区睿焙制冷设备有限公司迁建项目,DA001,invalid_standard_code,E:\软件\approval_mineru_parsed\2024_佛山市生态环境局关于佛山市顺德区睿焙制冷设备有限公司迁建项目环境影响报告表的批复\approval.md,DA001
APPROVAL_01284,佛山市顺德区官皇五金塑料有限公司,佛山市顺德区官皇五金 塑料有限公司迁改扩建项目,DA001,invalid_standard_code,E:\软件\approval_mineru_parsed\2024_佛山市生态环境局关于佛山市顺德区迈泺塑料科技有限公司新建项目建设项目环境影响报告表的批复\approval.md,DA001
APPROVAL_01285,广东大冢制药有限公司,广东大冢制药有限公司 改扩建项目,G3,invalid_standard_code,E:\软件\approval_mineru_parsed\2024_佛山市生态环境局关于佛山市顺德区金百盈五金厂新建项目建设项目环境影响报告表的批复\approval.md,G3
APPROVAL_01292,广东睿博检测顺德检测中心,广 东睿博检测顺德检测中心项目,G1,invalid_standard_code,E:\软件\approval_mineru_parsed\2024_佛山市生态环境局关于佛山耀冠塑料制品有限公司建设项目环境影响报告表的批复\approval.md,G1
APPROVAL_01292,广东睿博检测顺德检测中心,广 东睿博检测顺德检测中心项目,G2,invalid_standard_code,E:\软件\approval_mineru_parsed\2024_佛山市生态环境局关于佛山耀冠塑料制品有限公司建设项目环境影响报告表的批复\approval.md,G2
APPROVAL_01296,报来由广东顺德环境科学研究院有限公司,华 东师范大学第二附属中学美的中学建设项目,G3,invalid_standard_code,E:\软件\approval_mineru_parsed\2024_佛山市生态环境局关于华东师范大学第二附属中学美的中学建设项目环境影响报告表的批复\approval.md,G3
APPROVAL_01296,报来由广东顺德环境科学研究院有限公司,华 东师范大学第二附属中学美的中学建设项目,G8,invalid_standard_code,E:\软件\approval_mineru_parsed\2024_佛山市生态环境局关于华东师范大学第二附属中学美的中学建设项目环境影响报告表的批复\approval.md,G8
APPROVAL_01296,报来由广东顺德环境科学研究院有限公司,华 东师范大学第二附属中学美的中学建设项目,G7,invalid_standard_code,E:\软件\approval_mineru_parsed\2024_佛山市生态环境局关于华东师范大学第二附属中学美的中学建设项目环境影响报告表的批复\approval.md,G7
APPROVAL_01302,佛山市顺德区峰豪电器有限公司,佛山市顺德区峰豪电器 有限公司迁改建项目,DA001,invalid_standard_code,E:\软件\approval_mineru_parsed\2024_佛山市生态环境局关于广东惠特普科技有限公司迁扩建项目环境影响报告表的批复\approval.md,DA001
APPROVAL_01305,广东泰诺辉实业有限公司,广 东泰诺辉实业有限公司建设项目,DA001,invalid_standard_code,E:\软件\approval_mineru_parsed\2024_佛山市生态环境局关于广东泰诺辉实业有限公司建设项目环境影响报告表的批复\approval.md,DA001
APPROVAL_01305,广东泰诺辉实业有限公司,广 东泰诺辉实业有限公司建设项目,G1,invalid_standard_code,E:\软件\approval_mineru_parsed\2024_佛山市生态环境局关于广东泰诺辉实业有限公司建设项目环境影响报告表的批复\approval.md,G1
APPROVAL_01308,公司实验室（美的创新中心,广东美的制冷设备有限 公司实验室（美的创新中心）新建项目,DA001,invalid_standard_code,E:\软件\approval_mineru_parsed\2024_佛山市生态环境局关于广东美的制冷设备有限公司实验室（美的创新中心）新建项目环境影响报告表的批复\approval.md,DA001
APPROVAL_01309,广东美的暖通设备有限公司,广 东美的暖通设备有限公司扩建项目,DA001,invalid_standard_code,E:\软件\approval_mineru_parsed\2024_佛山市生态环境局关于广东美的暖通设备有限公司扩建项目环境影响报告表的批复\approval.md,DA001
APPROVAL_01309,广东美的暖通设备有限公司,广 东美的暖通设备有限公司扩建项目,DB44-2367,invalid_standard_code,E:\软件\approval_mineru_parsed\2024_佛山市生态环境局关于广东美的暖通设备有限公司扩建项目环境影响报告表的批复\approval.md,DB44-2367
APPROVAL_01312,松典科技（广东）有限公司,松典科技（广东）有限公司新建项目,G1,invalid_standard_code,E:\软件\approval_mineru_parsed\2024_佛山市生态环境局关于松典科技（广东）有限公司新建项目环境影响报告表的批复\approval.md,G1
APPROVAL_01312,松典科技（广东）有限公司,松典科技（广东）有限公司新建项目,G2,invalid_standard_code,E:\软件\approval_mineru_parsed\2024_佛山市生态环境局关于松典科技（广东）有限公司新建项目环境影响报告表的批复\approval.md,G2
APPROVAL_01314,泽皓讯联（广东）科技有限公司,泽 皓讯联（广东）科技有限公司建设项目,DA001,invalid_standard_code,E:\软件\approval_mineru_parsed\2024_佛山市生态环境局关于泽皓讯联（广东）科技有限公司建设项目环境影响报告表的批复\approval.md,DA001
APPROVAL_01338,佛山市天成达金属有限公司,,G2,invalid_standard_code,E:\软件\approval_mineru_parsed\2024_佛环0305环审〔2024〕25号【佛山市生态环境局关于佛山市天成达金属有限公司搬迁及改扩建项目建设项目环境影响报告表的批复】（公示）\approval.md,G2
APPROVAL_01338,佛山市天成达金属有限公司,,G3,invalid_standard_code,E:\软件\approval_mineru_parsed\2024_佛环0305环审〔2024〕25号【佛山市生态环境局关于佛山市天成达金属有限公司搬迁及改扩建项目建设项目环境影响报告表的批复】（公示）\approval.md,G3
APPROVAL_01368,广东梅州磁性材料有限公司顺德分公司,,GB3,invalid_standard_code,E:\软件\approval_mineru_parsed\2024_佛环0309环审〔2024〕22号（梅州磁性材料）\approval.md,GB3
APPROVAL_01370,佛山市顺德鑫还宝资源利用有限公司,佛山市顺德鑫还宝资源利用有限公司年回收破碎5000 吨 废旧锂电池新建项目建设项目,DA001,invalid_standard_code,E:\软件\approval_mineru_parsed\2024_佛环03环审〔2023〕173号\approval.md,DA001
APPROVAL_01370,佛山市顺德鑫还宝资源利用有限公司,佛山市顺德鑫还宝资源利用有限公司年回收破碎5000 吨 废旧锂电池新建项目建设项目,DA002,invalid_standard_code,E:\软件\approval_mineru_parsed\2024_佛环03环审〔2023〕173号\approval.md,DA002
APPROVAL_01371,佛山市艾美皓电子科技有限公司,佛山 市艾美皓电子科技有限公司迁建项目,DA001,invalid_standard_code,E:\软件\approval_mineru_parsed\2024_佛环03环审〔2023〕174号\approval.md,DA001
APPROVAL_01375,朗宇芯科技（佛山）有限公司,朗 宇芯科技（佛山）有限公司新建项目建设项目,DA001,invalid_standard_code,E:\软件\approval_mineru_parsed\2024_佛环03环审〔2023〕180号\approval.md,DA001
APPROVAL_01379,佛山市佳禺乐塑料制品有限公司,佛山市 佳禺乐塑料制品有限公司新建项目,GB14554—3,invalid_standard_code,E:\软件\approval_mineru_parsed\2024_佛环03环审〔2023〕184号\approval.md,GB14554-3
APPROVAL_01385,广东省筑城涂料科技有限公司,广 东航禾电子科技有限公司新建项目,GB—3,invalid_standard_code,E:\软件\approval_mineru_parsed\2024_佛环03环审〔2023〕190号\approval.md,GB-3
APPROVAL_01390,佛山市奥川顺新材料实业有限公司,佛山市奥 川顺新材料实业有限公司迁扩建项目建设项目,G1,invalid_standard_code,E:\软件\approval_mineru_parsed\2024_佛环03环审〔2024〕104号\approval.md,G1
APPROVAL_01390,佛山市奥川顺新材料实业有限公司,佛山市奥 川顺新材料实业有限公司迁扩建项目建设项目,G1,invalid_standard_code,E:\软件\approval_mineru_parsed\2024_佛环03环审〔2024〕104号\approval.md,G1
APPROVAL_01390,佛山市奥川顺新材料实业有限公司,佛山市奥 川顺新材料实业有限公司迁扩建项目建设项目,G2,invalid_standard_code,E:\软件\approval_mineru_parsed\2024_佛环03环审〔2024〕104号\approval.md,G2
APPROVAL_01398,佛山去探索水技术有限公司,佛 山去探索水技术有限公司年产500 万m2 反渗透膜建设项目建设 项目,GB—4,invalid_standard_code,E:\软件\approval_mineru_parsed\2024_佛环03环审〔2024〕112号\approval.md,GB-4
APPROVAL_01400,宠享科技（佛山）有限公司,宠享科技 （佛山）有限公司新建项目,DA001,invalid_standard_code,E:\软件\approval_mineru_parsed\2024_佛环03环审〔2024〕114号\approval.md,DA001
APPROVAL_01400,宠享科技（佛山）有限公司,宠享科技 （佛山）有限公司新建项目,DA002,invalid_standard_code,E:\软件\approval_mineru_parsed\2024_佛环03环审〔2024〕114号\approval.md,DA002
APPROVAL_01400,宠享科技（佛山）有限公司,宠享科技 （佛山）有限公司新建项目,DA003,invalid_standard_code,E:\软件\approval_mineru_parsed\2024_佛环03环审〔2024〕114号\approval.md,DA003
APPROVAL_01400,宠享科技（佛山）有限公司,宠享科技 （佛山）有限公司新建项目,DA001,invalid_standard_code,E:\软件\approval_mineru_parsed\2024_佛环03环审〔2024〕114号\approval.md,DA001
APPROVAL_01400,宠享科技（佛山）有限公司,宠享科技 （佛山）有限公司新建项目,DA002,invalid_standard_code,E:\软件\approval_mineru_parsed\2024_佛环03环审〔2024〕114号\approval.md,DA002
APPROVAL_01400,宠享科技（佛山）有限公司,宠享科技 （佛山）有限公司新建项目,DA003,invalid_standard_code,E:\软件\approval_mineru_parsed\2024_佛环03环审〔2024〕114号\approval.md,DA003
APPROVAL_01401,佛山赢海创新材料科技有限公司,佛山 赢海创新材料科技有限公司新建项目建设项目,DA001,invalid_standard_code,E:\软件\approval_mineru_parsed\2024_佛环03环审〔2024〕115号\approval.md,DA001
APPROVAL_01412,佛山市金霆通讯科技有限公司,佛山市金霆通讯科技 有限公司容桂工厂新建项目,GB—4,invalid_standard_code,E:\软件\approval_mineru_parsed\2024_佛环03环审〔2024〕129号\approval.md,GB-4
APPROVAL_01452,佛山市合亨轩科技有限公司,佛山市合亨轩科技有限公司迁扩建项目,G1,invalid_standard_code,E:\软件\approval_mineru_parsed\2024_佛环03环审〔2024〕16号佛山市生态环境局关于佛山市合亨轩科技有限公司迁扩建项目环境影响报告表的批复\approval.md,G1
APPROVAL_01455,广东速联科技术股份有限公司,佛 山市信鼎电子科技有限公司新建项目建设项目,DA001,invalid_standard_code,E:\软件\approval_mineru_parsed\2024_佛环03环审〔2024〕173号\approval.md,DA001
APPROVAL_01455,广东速联科技术股份有限公司,佛 山市信鼎电子科技有限公司新建项目建设项目,DA002,invalid_standard_code,E:\软件\approval_mineru_parsed\2024_佛环03环审〔2024〕173号\approval.md,DA002
APPROVAL_01463,佛山市顺德区泰合宝和新型材料有限公司,佛山市顺 德区泰合宝和新型材料有限公司迁扩建项目,DA001,invalid_standard_code,E:\软件\approval_mineru_parsed\2024_佛环03环审〔2024〕183号\approval.md,DA001
APPROVAL_01463,佛山市顺德区泰合宝和新型材料有限公司,佛山市顺 德区泰合宝和新型材料有限公司迁扩建项目,DA002,invalid_standard_code,E:\软件\approval_mineru_parsed\2024_佛环03环审〔2024〕183号\approval.md,DA002
APPROVAL_01486,广东居家每刻家居科技有限公司,居家 每刻-家居总部CTD项目建设项目,DA001,invalid_standard_code,E:\软件\approval_mineru_parsed\2024_佛环03环审〔2024〕208号\approval.md,DA001
APPROVAL_01486,广东居家每刻家居科技有限公司,居家 每刻-家居总部CTD项目建设项目,DA004,invalid_standard_code,E:\软件\approval_mineru_parsed\2024_佛环03环审〔2024〕208号\approval.md,DA004
APPROVAL_01486,广东居家每刻家居科技有限公司,居家 每刻-家居总部CTD项目建设项目,DA005,invalid_standard_code,E:\软件\approval_mineru_parsed\2024_佛环03环审〔2024〕208号\approval.md,DA005
APPROVAL_01493,报来由佛山南风环保技术有限公司,佛山市乐 华恒业厨卫有限公司厂房（智能家居产品制造）扩建项目建设项 目,GB18483—5,invalid_standard_code,E:\软件\approval_mineru_parsed\2024_佛环03环审〔2024〕215号\approval.md,GB18483-5
APPROVAL_01497,佛山市顺德区凯宝纸品有限公司,佛山市顺 德区凯宝纸品有限公司建设厂房项目建设项目,G1,invalid_standard_code,E:\软件\approval_mineru_parsed\2024_佛环03环审〔2024〕219号\approval.md,G1
APPROVAL_01497,佛山市顺德区凯宝纸品有限公司,佛山市顺 德区凯宝纸品有限公司建设厂房项目建设项目,G2,invalid_standard_code,E:\软件\approval_mineru_parsed\2024_佛环03环审〔2024〕219号\approval.md,G2
APPROVAL_01497,佛山市顺德区凯宝纸品有限公司,佛山市顺 德区凯宝纸品有限公司建设厂房项目建设项目,G3,invalid_standard_code,E:\软件\approval_mineru_parsed\2024_佛环03环审〔2024〕219号\approval.md,G3
APPROVAL_01501,佛山市松川机械设备有限公司,佛山市松川机械设备 有限公司改扩建项目,G1,invalid_standard_code,E:\软件\approval_mineru_parsed\2024_佛环03环审〔2024〕224号\approval.md,G1
APPROVAL_01501,佛山市松川机械设备有限公司,佛山市松川机械设备 有限公司改扩建项目,G5,invalid_standard_code,E:\软件\approval_mineru_parsed\2024_佛环03环审〔2024〕224号\approval.md,G5
APPROVAL_01502,佛山市蚁力新材料科技有限公司顺德冲鹤分公司,佛山市蚁力新材料科技 有限公司顺德冲鹤分公司新建项目,DA002,invalid_standard_code,E:\软件\approval_mineru_parsed\2024_佛环03环审〔2024〕225号\approval.md,DA002
APPROVAL_01502,佛山市蚁力新材料科技有限公司顺德冲鹤分公司,佛山市蚁力新材料科技 有限公司顺德冲鹤分公司新建项目,DA001,invalid_standard_code,E:\软件\approval_mineru_parsed\2024_佛环03环审〔2024〕225号\approval.md,DA001
APPROVAL_01516,华硕（广东）新材料股份有限公司,华硕（广东）新材料 股份有限公司新建项目,G1,invalid_standard_code,E:\软件\approval_mineru_parsed\2024_佛环03环审〔2024〕238号\approval.md,G1
APPROVAL_01516,华硕（广东）新材料股份有限公司,华硕（广东）新材料 股份有限公司新建项目,G2,invalid_standard_code,E:\软件\approval_mineru_parsed\2024_佛环03环审〔2024〕238号\approval.md,G2
APPROVAL_01518,佛山市风之森固体废物处理科技有限公司,佛山市风之森固体废物 处理科技有限公司建设项目,DA001,invalid_standard_code,E:\软件\approval_mineru_parsed\2024_佛环03环审〔2024〕23号\approval.md,DA001
APPROVAL_01524,佛山市东方树新材料科技有限公司,佛山市东方树新材料 科技有限公司第二次迁建项目,GB—3,invalid_standard_code,E:\软件\approval_mineru_parsed\2024_佛环03环审〔2024〕245号\approval.md,GB-3
APPROVAL_01534,佛山市鑫正特金属制品有限公司,佛山市鑫 正特金属制品有限公司重新报批项目建设项目,G2,invalid_standard_code,E:\软件\approval_mineru_parsed\2024_佛环03环审〔2024〕254号\approval.md,G2
APPROVAL_01534,佛山市鑫正特金属制品有限公司,佛山市鑫 正特金属制品有限公司重新报批项目建设项目,G1,invalid_standard_code,E:\软件\approval_mineru_parsed\2024_佛环03环审〔2024〕254号\approval.md,G1
APPROVAL_01536,广东川崎汽车零部件有限公司,广东川 崎汽车零部件有限公司总部新建项目,DA001,invalid_standard_code,E:\软件\approval_mineru_parsed\2024_佛环03环审〔2024〕256号\approval.md,DA001
APPROVAL_01536,广东川崎汽车零部件有限公司,广东川 崎汽车零部件有限公司总部新建项目,DA001,invalid_standard_code,E:\软件\approval_mineru_parsed\2024_佛环03环审〔2024〕256号\approval.md,DA001
APPROVAL_01536,广东川崎汽车零部件有限公司,广东川 崎汽车零部件有限公司总部新建项目,DA003,invalid_standard_code,E:\软件\approval_mineru_parsed\2024_佛环03环审〔2024〕256号\approval.md,DA003
APPROVAL_01536,广东川崎汽车零部件有限公司,广东川 崎汽车零部件有限公司总部新建项目,DA004,invalid_standard_code,E:\软件\approval_mineru_parsed\2024_佛环03环审〔2024〕256号\approval.md,DA004
APPROVAL_01536,广东川崎汽车零部件有限公司,广东川 崎汽车零部件有限公司总部新建项目,DA006,invalid_standard_code,E:\软件\approval_mineru_parsed\2024_佛环03环审〔2024〕256号\approval.md,DA006
APPROVAL_01536,广东川崎汽车零部件有限公司,广东川 崎汽车零部件有限公司总部新建项目,DA007,invalid_standard_code,E:\软件\approval_mineru_parsed\2024_佛环03环审〔2024〕256号\approval.md,DA007
APPROVAL_01536,广东川崎汽车零部件有限公司,广东川 崎汽车零部件有限公司总部新建项目,DA005,invalid_standard_code,E:\软件\approval_mineru_parsed\2024_佛环03环审〔2024〕256号\approval.md,DA005
APPROVAL_01536,广东川崎汽车零部件有限公司,广东川 崎汽车零部件有限公司总部新建项目,DA008,invalid_standard_code,E:\软件\approval_mineru_parsed\2024_佛环03环审〔2024〕256号\approval.md,DA008
APPROVAL_01536,广东川崎汽车零部件有限公司,广东川 崎汽车零部件有限公司总部新建项目,DA009,invalid_standard_code,E:\软件\approval_mineru_parsed\2024_佛环03环审〔2024〕256号\approval.md,DA009
APPROVAL_01537,佛山市新得雅科技有限责任公司,佛山市新 得雅科技有限责任公司新建项目,DA001,invalid_standard_code,E:\软件\approval_mineru_parsed\2024_佛环03环审〔2024〕257号\approval.md,DA001
APPROVAL_01537,佛山市新得雅科技有限责任公司,佛山市新 得雅科技有限责任公司新建项目,DA002,invalid_standard_code,E:\软件\approval_mineru_parsed\2024_佛环03环审〔2024〕257号\approval.md,DA002
APPROVAL_01542,佛山市全海世家新材料科技有限公司,佛山市全海世家新材料 科技有限公司新建项目,DA001,invalid_standard_code,E:\软件\approval_mineru_parsed\2024_佛环03环审〔2024〕263号\approval.md,DA001
APPROVAL_01542,佛山市全海世家新材料科技有限公司,佛山市全海世家新材料 科技有限公司新建项目,DA002,invalid_standard_code,E:\软件\approval_mineru_parsed\2024_佛环03环审〔2024〕263号\approval.md,DA002
APPROVAL_01543,佛山市顺德区森迈源印刷有限责任公司,佛山市顺德区森迈源 印刷有限责任公司搬迁项目,DA001,invalid_standard_code,E:\软件\approval_mineru_parsed\2024_佛环03环审〔2024〕264号\approval.md,DA001
APPROVAL_01545,广东顺德晖亮塑料包装有限公司,广东顺德晖亮塑料包装 有限公司迁扩建项目,G2,invalid_standard_code,E:\软件\approval_mineru_parsed\2024_佛环03环审〔2024〕266号\approval.md,G2
APPROVAL_01545,广东顺德晖亮塑料包装有限公司,广东顺德晖亮塑料包装 有限公司迁扩建项目,DA001,invalid_standard_code,E:\软件\approval_mineru_parsed\2024_佛环03环审〔2024〕266号\approval.md,DA001
APPROVAL_01546,佛山市顺德区奥达尼包装印刷有限公司,佛山市顺德区奥达尼 包装印刷有限公司新建项目,G2,invalid_standard_code,E:\软件\approval_mineru_parsed\2024_佛环03环审〔2024〕267号\approval.md,G2
APPROVAL_01546,佛山市顺德区奥达尼包装印刷有限公司,佛山市顺德区奥达尼 包装印刷有限公司新建项目,DA001,invalid_standard_code,E:\软件\approval_mineru_parsed\2024_佛环03环审〔2024〕267号\approval.md,DA001
APPROVAL_01548,佛山市爱源斯隔音保温材料有限公司,佛山市爱 源斯隔音保温材料有限公司新建项目,DA001,invalid_standard_code,E:\软件\approval_mineru_parsed\2024_佛环03环审〔2024〕26号\approval.md,DA001
APPROVAL_01561,广东美的厨房电器制造有限公司,广东美的厨房电器制造 有限公司顺德第三分厂扩建项目,G1,invalid_standard_code,E:\软件\approval_mineru_parsed\2024_佛环03环审〔2024〕282号\approval.md,G1
APPROVAL_01561,广东美的厨房电器制造有限公司,广东美的厨房电器制造 有限公司顺德第三分厂扩建项目,G2,invalid_standard_code,E:\软件\approval_mineru_parsed\2024_佛环03环审〔2024〕282号\approval.md,G2
APPROVAL_01561,广东美的厨房电器制造有限公司,广东美的厨房电器制造 有限公司顺德第三分厂扩建项目,G3,invalid_standard_code,E:\软件\approval_mineru_parsed\2024_佛环03环审〔2024〕282号\approval.md,G3
APPROVAL_01561,广东美的厨房电器制造有限公司,广东美的厨房电器制造 有限公司顺德第三分厂扩建项目,G4,invalid_standard_code,E:\软件\approval_mineru_parsed\2024_佛环03环审〔2024〕282号\approval.md,G4
APPROVAL_01568,广东小熊精品电器有限公司,广东 小熊精品电器有限公司新建智能小家电制造基地（二期）项目重 新报批建设项目,DA002,invalid_standard_code,E:\软件\approval_mineru_parsed\2024_佛环03环审〔2024〕292号\approval.md,DA002
APPROVAL_01568,广东小熊精品电器有限公司,广东 小熊精品电器有限公司新建智能小家电制造基地（二期）项目重 新报批建设项目,DA001,invalid_standard_code,E:\软件\approval_mineru_parsed\2024_佛环03环审〔2024〕292号\approval.md,DA001
APPROVAL_01569,佛山市顺德区德毅塑料有限公司,佛山市顺 德区德毅塑料有限公司新建项目建设项目,GB—3,invalid_standard_code,E:\软件\approval_mineru_parsed\2024_佛环03环审〔2024〕293号\approval.md,GB-3
APPROVAL_01576,佛山市顺德区东亚汽车部件有限公司,佛山市顺德区东亚 汽车部件有限公司改扩建项目,G2,invalid_standard_code,E:\软件\approval_mineru_parsed\2024_佛环03环审〔2024〕29号\approval.md,G2
APPROVAL_01576,佛山市顺德区东亚汽车部件有限公司,佛山市顺德区东亚 汽车部件有限公司改扩建项目,G3,invalid_standard_code,E:\软件\approval_mineru_parsed\2024_佛环03环审〔2024〕29号\approval.md,G3
APPROVAL_01576,佛山市顺德区东亚汽车部件有限公司,佛山市顺德区东亚 汽车部件有限公司改扩建项目,G12,invalid_standard_code,E:\软件\approval_mineru_parsed\2024_佛环03环审〔2024〕29号\approval.md,G12
APPROVAL_01576,佛山市顺德区东亚汽车部件有限公司,佛山市顺德区东亚 汽车部件有限公司改扩建项目,G13,invalid_standard_code,E:\软件\approval_mineru_parsed\2024_佛环03环审〔2024〕29号\approval.md,G13
APPROVAL_01576,佛山市顺德区东亚汽车部件有限公司,佛山市顺德区东亚 汽车部件有限公司改扩建项目,G12,invalid_standard_code,E:\软件\approval_mineru_parsed\2024_佛环03环审〔2024〕29号\approval.md,G12
APPROVAL_01576,佛山市顺德区东亚汽车部件有限公司,佛山市顺德区东亚 汽车部件有限公司改扩建项目,G13,invalid_standard_code,E:\软件\approval_mineru_parsed\2024_佛环03环审〔2024〕29号\approval.md,G13
APPROVAL_01576,佛山市顺德区东亚汽车部件有限公司,佛山市顺德区东亚 汽车部件有限公司改扩建项目,G6,invalid_standard_code,E:\软件\approval_mineru_parsed\2024_佛环03环审〔2024〕29号\approval.md,G6
APPROVAL_01576,佛山市顺德区东亚汽车部件有限公司,佛山市顺德区东亚 汽车部件有限公司改扩建项目,G8,invalid_standard_code,E:\软件\approval_mineru_parsed\2024_佛环03环审〔2024〕29号\approval.md,G8
APPROVAL_01576,佛山市顺德区东亚汽车部件有限公司,佛山市顺德区东亚 汽车部件有限公司改扩建项目,G6,invalid_standard_code,E:\软件\approval_mineru_parsed\2024_佛环03环审〔2024〕29号\approval.md,G6
APPROVAL_01576,佛山市顺德区东亚汽车部件有限公司,佛山市顺德区东亚 汽车部件有限公司改扩建项目,G8,invalid_standard_code,E:\软件\approval_mineru_parsed\2024_佛环03环审〔2024〕29号\approval.md,G8
APPROVAL_01576,佛山市顺德区东亚汽车部件有限公司,佛山市顺德区东亚 汽车部件有限公司改扩建项目,G7,invalid_standard_code,E:\软件\approval_mineru_parsed\2024_佛环03环审〔2024〕29号\approval.md,G7
APPROVAL_01576,佛山市顺德区东亚汽车部件有限公司,佛山市顺德区东亚 汽车部件有限公司改扩建项目,G9,invalid_standard_code,E:\软件\approval_mineru_parsed\2024_佛环03环审〔2024〕29号\approval.md,G9
APPROVAL_01577,佛山市顺德区舒蜜家热能科技有限公司,佛山市顺德区舒蜜家 热能科技有限公司新建项目,G1,invalid_standard_code,E:\软件\approval_mineru_parsed\2024_佛环03环审〔2024〕2号\approval.md,G1
APPROVAL_01577,佛山市顺德区舒蜜家热能科技有限公司,佛山市顺德区舒蜜家 热能科技有限公司新建项目,G2,invalid_standard_code,E:\软件\approval_mineru_parsed\2024_佛环03环审〔2024〕2号\approval.md,G2
APPROVAL_01577,佛山市顺德区舒蜜家热能科技有限公司,佛山市顺德区舒蜜家 热能科技有限公司新建项目,G1,invalid_standard_code,E:\软件\approval_mineru_parsed\2024_佛环03环审〔2024〕2号\approval.md,G1
APPROVAL_01577,佛山市顺德区舒蜜家热能科技有限公司,佛山市顺德区舒蜜家 热能科技有限公司新建项目,G2,invalid_standard_code,E:\软件\approval_mineru_parsed\2024_佛环03环审〔2024〕2号\approval.md,G2
APPROVAL_01580,佛山市顺德区昶新塑料制品有限公司,佛山市顺德区昶新塑料 制品有限公司搬迁、扩建项目,DA001,invalid_standard_code,E:\软件\approval_mineru_parsed\2024_佛环03环审〔2024〕303号\approval.md,DA001
APPROVAL_01580,佛山市顺德区昶新塑料制品有限公司,佛山市顺德区昶新塑料 制品有限公司搬迁、扩建项目,DA002,invalid_standard_code,E:\软件\approval_mineru_parsed\2024_佛环03环审〔2024〕303号\approval.md,DA002
APPROVAL_01593,广东美泰电器有限公司,广东美泰 电器有限公司迁建项目建设项目,DA001,invalid_standard_code,E:\软件\approval_mineru_parsed\2024_佛环03环审〔2024〕318号\approval.md,DA001
APPROVAL_01593,广东美泰电器有限公司,广东美泰 电器有限公司迁建项目建设项目,DA002,invalid_standard_code,E:\软件\approval_mineru_parsed\2024_佛环03环审〔2024〕318号\approval.md,DA002
APPROVAL_01600,广东美芝精密制造有限公司,广 东美芝精密制造有限公司年产3600万台空调压缩机扩建项目建设 项目,DA034,invalid_standard_code,E:\软件\approval_mineru_parsed\2024_佛环03环审〔2024〕324号\approval.md,DA034
APPROVAL_01600,广东美芝精密制造有限公司,广 东美芝精密制造有限公司年产3600万台空调压缩机扩建项目建设 项目,DA035,invalid_standard_code,E:\软件\approval_mineru_parsed\2024_佛环03环审〔2024〕324号\approval.md,DA035
APPROVAL_01603,佛山市顺德区协强五金有限公司,佛山市顺德区协强 五金有限公司新建项目,DA001,invalid_standard_code,E:\软件\approval_mineru_parsed\2024_佛环03环审〔2024〕327号\approval.md,DA001
APPROVAL_01603,佛山市顺德区协强五金有限公司,佛山市顺德区协强 五金有限公司新建项目,DA002,invalid_standard_code,E:\软件\approval_mineru_parsed\2024_佛环03环审〔2024〕327号\approval.md,DA002
APPROVAL_01604,佛山市安铧科技有限公司,佛 山市安铧科技有限公司新建项目建设项目,G1,invalid_standard_code,E:\软件\approval_mineru_parsed\2024_佛环03环审〔2024〕328号\approval.md,G1
APPROVAL_01604,佛山市安铧科技有限公司,佛 山市安铧科技有限公司新建项目建设项目,G2,invalid_standard_code,E:\软件\approval_mineru_parsed\2024_佛环03环审〔2024〕328号\approval.md,G2
APPROVAL_01613,佛山市顺德区美的洗涤电器制造有限公司,佛山市顺德区美的洗涤 电器制造有限公司改扩建项目,DA001,invalid_standard_code,E:\软件\approval_mineru_parsed\2024_佛环03环审〔2024〕337号\approval.md,DA001
APPROVAL_01613,佛山市顺德区美的洗涤电器制造有限公司,佛山市顺德区美的洗涤 电器制造有限公司改扩建项目,DA002,invalid_standard_code,E:\软件\approval_mineru_parsed\2024_佛环03环审〔2024〕337号\approval.md,DA002
APPROVAL_01613,佛山市顺德区美的洗涤电器制造有限公司,佛山市顺德区美的洗涤 电器制造有限公司改扩建项目,DA003,invalid_standard_code,E:\软件\approval_mineru_parsed\2024_佛环03环审〔2024〕337号\approval.md,DA003
APPROVAL_01613,佛山市顺德区美的洗涤电器制造有限公司,佛山市顺德区美的洗涤 电器制造有限公司改扩建项目,DA004,invalid_standard_code,E:\软件\approval_mineru_parsed\2024_佛环03环审〔2024〕337号\approval.md,DA004
APPROVAL_01613,佛山市顺德区美的洗涤电器制造有限公司,佛山市顺德区美的洗涤 电器制造有限公司改扩建项目,DA006,invalid_standard_code,E:\软件\approval_mineru_parsed\2024_佛环03环审〔2024〕337号\approval.md,DA006
APPROVAL_01613,佛山市顺德区美的洗涤电器制造有限公司,佛山市顺德区美的洗涤 电器制造有限公司改扩建项目,DA005,invalid_standard_code,E:\软件\approval_mineru_parsed\2024_佛环03环审〔2024〕337号\approval.md,DA005
APPROVAL_01613,佛山市顺德区美的洗涤电器制造有限公司,佛山市顺德区美的洗涤 电器制造有限公司改扩建项目,DA007,invalid_standard_code,E:\软件\approval_mineru_parsed\2024_佛环03环审〔2024〕337号\approval.md,DA007
APPROVAL_01613,佛山市顺德区美的洗涤电器制造有限公司,佛山市顺德区美的洗涤 电器制造有限公司改扩建项目,DA008,invalid_standard_code,E:\软件\approval_mineru_parsed\2024_佛环03环审〔2024〕337号\approval.md,DA008
APPROVAL_01613,佛山市顺德区美的洗涤电器制造有限公司,佛山市顺德区美的洗涤 电器制造有限公司改扩建项目,DA009,invalid_standard_code,E:\软件\approval_mineru_parsed\2024_佛环03环审〔2024〕337号\approval.md,DA009
APPROVAL_01613,佛山市顺德区美的洗涤电器制造有限公司,佛山市顺德区美的洗涤 电器制造有限公司改扩建项目,DA010,invalid_standard_code,E:\软件\approval_mineru_parsed\2024_佛环03环审〔2024〕337号\approval.md,DA010
APPROVAL_01613,佛山市顺德区美的洗涤电器制造有限公司,佛山市顺德区美的洗涤 电器制造有限公司改扩建项目,DA011,invalid_standard_code,E:\软件\approval_mineru_parsed\2024_佛环03环审〔2024〕337号\approval.md,DA011
APPROVAL_01614,佛山市德思达环保科技有限公司,佛 山市德思达环保科技有限公司12000t∕d 工业废水处理新建项目,G2,invalid_standard_code,E:\软件\approval_mineru_parsed\2024_佛环03环审〔2024〕33号\approval.md,G2
APPROVAL_01623,广东新宝电器股份有限公司,广 东新宝电器股份有限公司5-1号地块新厂区③配件车间项目建设 项目,DA001,invalid_standard_code,E:\软件\approval_mineru_parsed\2024_佛环03环审〔2024〕349号\approval.md,DA001
APPROVAL_01623,广东新宝电器股份有限公司,广 东新宝电器股份有限公司5-1号地块新厂区③配件车间项目建设 项目,DA002,invalid_standard_code,E:\软件\approval_mineru_parsed\2024_佛环03环审〔2024〕349号\approval.md,DA002
APPROVAL_01631,佛山市浩创时代包装制品有限公司,佛山市浩 创时代包装制品有限公司新建项目建设项目,G1,invalid_standard_code,E:\软件\approval_mineru_parsed\2024_佛环03环审〔2024〕357号\approval.md,G1
APPROVAL_01631,佛山市浩创时代包装制品有限公司,佛山市浩 创时代包装制品有限公司新建项目建设项目,G2,invalid_standard_code,E:\软件\approval_mineru_parsed\2024_佛环03环审〔2024〕357号\approval.md,G2
APPROVAL_01636,佛山市力胜柏金属制品科技有限公司,佛山市力 胜柏金属制品科技有限公司建设项目,DA001,invalid_standard_code,E:\软件\approval_mineru_parsed\2024_佛环03环审〔2024〕361号\approval.md,DA001
APPROVAL_01636,佛山市力胜柏金属制品科技有限公司,佛山市力 胜柏金属制品科技有限公司建设项目,DA002,invalid_standard_code,E:\软件\approval_mineru_parsed\2024_佛环03环审〔2024〕361号\approval.md,DA002
APPROVAL_01636,佛山市力胜柏金属制品科技有限公司,佛山市力 胜柏金属制品科技有限公司建设项目,DA003,invalid_standard_code,E:\软件\approval_mineru_parsed\2024_佛环03环审〔2024〕361号\approval.md,DA003
APPROVAL_01643,佛山市顺德区勒流徽煌塑料模具制品厂,佛山市顺德区勒流徽煌塑料模具制品厂扩建项目建设项目,G1,invalid_standard_code,E:\软件\approval_mineru_parsed\2024_佛环03环审〔2024〕369号\approval.md,G1
APPROVAL_01649,佛山市汇朋精密五金有限公司,佛山市汇朋精密五金 有限公司改扩建项目,G1,invalid_standard_code,E:\软件\approval_mineru_parsed\2024_佛环03环审〔2024〕375号\approval.md,G1
APPROVAL_01653,佛山市威旭玻璃有限公司,佛山市威旭玻璃有限 公司迁扩建项目,G2,invalid_standard_code,E:\软件\approval_mineru_parsed\2024_佛环03环审〔2024〕379号\approval.md,G2
APPROVAL_01681,佛山市顺德区翡珀新型建材有限公司,佛山市顺 德区翡珀新型建材有限公司迁建项目建设项目,DA001,invalid_standard_code,E:\软件\approval_mineru_parsed\2024_佛环03环审〔2024〕406号\approval.md,DA001
APPROVAL_01681,佛山市顺德区翡珀新型建材有限公司,佛山市顺 德区翡珀新型建材有限公司迁建项目建设项目,DA002,invalid_standard_code,E:\软件\approval_mineru_parsed\2024_佛环03环审〔2024〕406号\approval.md,DA002
APPROVAL_01683,佛山市顺德区永同金属贸易有限公司第一分厂,佛山市顺德区永同金属 贸易有限公司第一分厂搬迁项目,G1,invalid_standard_code,E:\软件\approval_mineru_parsed\2024_佛环03环审〔2024〕408号\approval.md,G1
APPROVAL_01683,佛山市顺德区永同金属贸易有限公司第一分厂,佛山市顺德区永同金属 贸易有限公司第一分厂搬迁项目,G2,invalid_standard_code,E:\软件\approval_mineru_parsed\2024_佛环03环审〔2024〕408号\approval.md,G2
APPROVAL_01683,佛山市顺德区永同金属贸易有限公司第一分厂,佛山市顺德区永同金属 贸易有限公司第一分厂搬迁项目,G3,invalid_standard_code,E:\软件\approval_mineru_parsed\2024_佛环03环审〔2024〕408号\approval.md,G3
APPROVAL_01683,佛山市顺德区永同金属贸易有限公司第一分厂,佛山市顺德区永同金属 贸易有限公司第一分厂搬迁项目,G4,invalid_standard_code,E:\软件\approval_mineru_parsed\2024_佛环03环审〔2024〕408号\approval.md,G4
APPROVAL_01683,佛山市顺德区永同金属贸易有限公司第一分厂,佛山市顺德区永同金属 贸易有限公司第一分厂搬迁项目,G5,invalid_standard_code,E:\软件\approval_mineru_parsed\2024_佛环03环审〔2024〕408号\approval.md,G5
APPROVAL_01687,广东图特精密五金科技股份有限公司,广东图特精密五金科技股份有限公司智能制造基地建设项目重 新报批建设项目,G2,invalid_standard_code,E:\软件\approval_mineru_parsed\2024_佛环03环审〔2024〕411号\approval.md,G2
APPROVAL_01687,广东图特精密五金科技股份有限公司,广东图特精密五金科技股份有限公司智能制造基地建设项目重 新报批建设项目,G3,invalid_standard_code,E:\软件\approval_mineru_parsed\2024_佛环03环审〔2024〕411号\approval.md,G3
APPROVAL_01687,广东图特精密五金科技股份有限公司,广东图特精密五金科技股份有限公司智能制造基地建设项目重 新报批建设项目,G4,invalid_standard_code,E:\软件\approval_mineru_parsed\2024_佛环03环审〔2024〕411号\approval.md,G4
APPROVAL_01687,广东图特精密五金科技股份有限公司,广东图特精密五金科技股份有限公司智能制造基地建设项目重 新报批建设项目,G5,invalid_standard_code,E:\软件\approval_mineru_parsed\2024_佛环03环审〔2024〕411号\approval.md,G5
APPROVAL_01687,广东图特精密五金科技股份有限公司,广东图特精密五金科技股份有限公司智能制造基地建设项目重 新报批建设项目,G6,invalid_standard_code,E:\软件\approval_mineru_parsed\2024_佛环03环审〔2024〕411号\approval.md,G6
APPROVAL_01687,广东图特精密五金科技股份有限公司,广东图特精密五金科技股份有限公司智能制造基地建设项目重 新报批建设项目,G1,invalid_standard_code,E:\软件\approval_mineru_parsed\2024_佛环03环审〔2024〕411号\approval.md,G1
APPROVAL_01705,爱三（佛山）汽车部件有限公司,爱三（佛山）汽车部件 有限公司二次改扩建项目,G1,invalid_standard_code,E:\软件\approval_mineru_parsed\2024_佛环03环审〔2024〕50号\approval.md,G1
APPROVAL_01706,佛山市泽宏盈电器科技有限公司,佛山市泽宏盈电器科技有限公司新建项目,DA001,invalid_standard_code,E:\软件\approval_mineru_parsed\2024_佛环03环审〔2024〕51号\approval.md,DA001
APPROVAL_01711,佛山市顺德金纺集团有限公司,,GB—4,invalid_standard_code,E:\软件\approval_mineru_parsed\2024_佛环03环审〔2024〕57号\approval.md,GB-4
APPROVAL_01716,佛山汇诚科技有限公司,佛 山汇诚科技有限公司新建项目建设项目,G1,invalid_standard_code,E:\软件\approval_mineru_parsed\2024_佛环03环审〔2024〕62号佛山市生态环境局关于佛山汇诚科技有限公司新建项目建设项目环境影响报告表的批复\approval.md,G1
APPROVAL_01716,佛山汇诚科技有限公司,佛 山汇诚科技有限公司新建项目建设项目,G2,invalid_standard_code,E:\软件\approval_mineru_parsed\2024_佛环03环审〔2024〕62号佛山市生态环境局关于佛山汇诚科技有限公司新建项目建设项目环境影响报告表的批复\approval.md,G2
APPROVAL_01722,佛山市艾心日用品有限公司,佛山市艾 心日用品有限公司新建项目建设项目,DA001,invalid_standard_code,E:\软件\approval_mineru_parsed\2024_佛环03环审〔2024〕69号佛山市生态环境局关于佛山市艾心日用品有限公司新建项目建设项目环境影响报告表的批复\approval.md,DA001
APPROVAL_01722,佛山市艾心日用品有限公司,佛山市艾 心日用品有限公司新建项目建设项目,GB—4,invalid_standard_code,E:\软件\approval_mineru_parsed\2024_佛环03环审〔2024〕69号佛山市生态环境局关于佛山市艾心日用品有限公司新建项目建设项目环境影响报告表的批复\approval.md,GB-4
APPROVAL_01723,佛山市启丰塑料包装有限公司,佛山市启丰塑料包装有限公司年产塑料袋 400吨建设项目,G1,invalid_standard_code,E:\软件\approval_mineru_parsed\2024_佛环03环审〔2024〕6号佛山市生态环境局关于佛山市启丰塑料包装有限公司年产塑料袋400吨建设项目环境影响报告书的批复\approval.md,G1
APPROVAL_01723,佛山市启丰塑料包装有限公司,佛山市启丰塑料包装有限公司年产塑料袋 400吨建设项目,G2,invalid_standard_code,E:\软件\approval_mineru_parsed\2024_佛环03环审〔2024〕6号佛山市生态环境局关于佛山市启丰塑料包装有限公司年产塑料袋400吨建设项目环境影响报告书的批复\approval.md,G2
APPROVAL_01726,广东顺控产业投资有限公司,大湾区生态食品加工中心新建项目,G1,invalid_standard_code,E:\软件\approval_mineru_parsed\2024_佛环03环审〔2024〕73号\approval.md,G1
APPROVAL_01726,广东顺控产业投资有限公司,大湾区生态食品加工中心新建项目,G2,invalid_standard_code,E:\软件\approval_mineru_parsed\2024_佛环03环审〔2024〕73号\approval.md,G2
APPROVAL_01726,广东顺控产业投资有限公司,大湾区生态食品加工中心新建项目,G6,invalid_standard_code,E:\软件\approval_mineru_parsed\2024_佛环03环审〔2024〕73号\approval.md,G6
APPROVAL_01726,广东顺控产业投资有限公司,大湾区生态食品加工中心新建项目,G3,invalid_standard_code,E:\软件\approval_mineru_parsed\2024_佛环03环审〔2024〕73号\approval.md,G3
APPROVAL_01726,广东顺控产业投资有限公司,大湾区生态食品加工中心新建项目,G4,invalid_standard_code,E:\软件\approval_mineru_parsed\2024_佛环03环审〔2024〕73号\approval.md,G4
APPROVAL_01726,广东顺控产业投资有限公司,大湾区生态食品加工中心新建项目,G5,invalid_standard_code,E:\软件\approval_mineru_parsed\2024_佛环03环审〔2024〕73号\approval.md,G5
APPROVAL_01726,广东顺控产业投资有限公司,大湾区生态食品加工中心新建项目,G7,invalid_standard_code,E:\软件\approval_mineru_parsed\2024_佛环03环审〔2024〕73号\approval.md,G7
APPROVAL_01726,广东顺控产业投资有限公司,大湾区生态食品加工中心新建项目,G8,invalid_standard_code,E:\软件\approval_mineru_parsed\2024_佛环03环审〔2024〕73号\approval.md,G8
APPROVAL_01726,广东顺控产业投资有限公司,大湾区生态食品加工中心新建项目,G8,invalid_standard_code,E:\软件\approval_mineru_parsed\2024_佛环03环审〔2024〕73号\approval.md,G8
APPROVAL_01729,广东顺德顺炎新材料股份有限公司,广 东顺德顺炎新材料股份有限公司年产改性塑料粒6万吨迁扩建项 目建设项目,G1,invalid_standard_code,E:\软件\approval_mineru_parsed\2024_佛环03环审〔2024〕77号\approval.md,G1
APPROVAL_01731,佛山市顺德区友业塑料有限公司,佛 山市顺德区友业塑料有限公司改扩建项目,DA001,invalid_standard_code,E:\软件\approval_mineru_parsed\2024_佛环03环审〔2024〕79号\approval.md,DA001
APPROVAL_01738,佛山市誉延丰包装容器有限公司,佛山市誉延丰包装容器 有限公司迁改扩建项目,GB—4,invalid_standard_code,E:\软件\approval_mineru_parsed\2024_佛环03环审〔2024〕86号\approval.md,GB-4
APPROVAL_01739,佛山赢胜材料科技有限公司,佛山 赢胜材料科技有限公司新建项目建设项目,GB31572—3,invalid_standard_code,E:\软件\approval_mineru_parsed\2024_佛环03环审〔2024〕88号\approval.md,GB31572-3
APPROVAL_01741,佛山市湘浩电气有限公司,佛山市湘浩电气 有限公司迁扩建项目,GB12348—3,invalid_standard_code,E:\软件\approval_mineru_parsed\2024_佛环03环审〔2024〕8号佛山市生态环境局关于佛山市湘浩电气有限公司迁扩建项目环境影响报告表的批复\approval.md,GB12348-3
APPROVAL_01768,佛山市顺德区代建项目中心,美的高 中周边基础配套工程,GB1852,invalid_standard_code,E:\软件\approval_mineru_parsed\2025_20250320-佛山市生态环境局关于佛山市顺德区良钿电器有限公司迁改扩建项目环境影响报告表的批复\approval.md,GB1852
APPROVAL_01769,佛山市伯利菲精密模具有限公司,佛 山市伯利菲精密模具有限公司建设项目,DA001,invalid_standard_code,E:\软件\approval_mineru_parsed\2025_20250326-佛山市生态环境局关于佛山市伯利菲精密模具有限公司建设项目环境影响报告表的批复（无红头）\approval.md,DA001
APPROVAL_01771,广东顺德日清食品有限公司,,G1,invalid_standard_code,E:\软件\approval_mineru_parsed\2025_20250521-佛山市生态环境局关于广东顺德日清食品有限公司第三工厂扩产增效技术改造项目环境影响报告表的批复\approval.md,G1
APPROVAL_01777,佛山东瑜塑料制品有限公司,佛 山东瑜塑料制品有限公司新建项目,G1,invalid_standard_code,E:\软件\approval_mineru_parsed\2025_佛山市生态环境局关于佛山东瑜塑料制品有限公司新建项目环境影响报告表的批复\approval.md,G1
APPROVAL_01779,佛山市源福新材料科技有限公司,佛山市 源福新材料科技有限公司新建项目建设项目,DA001,invalid_standard_code,E:\软件\approval_mineru_parsed\2025_佛山市生态环境局关于佛山启曜新材料有限公司新建项目建设项目环境影响报告表的批复\approval.md,DA001
APPROVAL_01783,广东储源之家科技有限公司,广 东储源之家科技有限公司建设项目,DA001,invalid_standard_code,E:\软件\approval_mineru_parsed\2025_佛山市生态环境局关于佛山市优稀帝音响有限公司新建项目环境影响报告表的批复\approval.md,DA001
APPROVAL_01784,佛山市凯泰诺塑料制品有限公司,佛山市凯泰诺塑料制品 有限公司迁扩建项目,DA001,invalid_standard_code,E:\软件\approval_mineru_parsed\2025_佛山市生态环境局关于佛山市凯泰诺塑料制品有限公司迁扩建项目建设项目环境影响报告表的批复\approval.md,DA001
APPROVAL_01785,佛山市铂鸿金属制品有限公司,佛山市 铂鸿金属制品有限公司迁扩建项目建设项目,DA001,invalid_standard_code,E:\软件\approval_mineru_parsed\2025_佛山市生态环境局关于佛山市吉煌卓越五金制品有限公司新建项目建设项目环境影响报告表的批复\approval.md,DA001
APPROVAL_01786,佛山市顺德区鸿贵城塑料制品有限公司,佛 山市顺德区鸿贵城塑料制品有限公司搬迁扩建项目建设项目,DA001,invalid_standard_code,E:\软件\approval_mineru_parsed\2025_佛山市生态环境局关于佛山市天泽丰五金有限公司新建项目建设项目环境影响报告表的批复\approval.md,DA001
APPROVAL_01788,佛山市康而康家用电器有限公司,佛 山市康而康家用电器有限公司建设项目,DA001,invalid_standard_code,E:\软件\approval_mineru_parsed\2025_佛山市生态环境局关于佛山市康而康家用电器有限公司建设项目环境影响报告表的批复\approval.md,DA001
APPROVAL_01794,佛山市楹赛电器有限公司,佛 山市楹赛电器有限公司搬迁项目,G1,invalid_standard_code,E:\软件\approval_mineru_parsed\2025_佛山市生态环境局关于佛山市楹赛电器有限公司搬迁项目环境影响报告表的批复\approval.md,G1
APPROVAL_01795,顺德区容桂福禄宏塑料五金厂,顺德区 容桂福禄宏塑料五金厂迁扩建项目建设项目,DA001,invalid_standard_code,E:\软件\approval_mineru_parsed\2025_佛山市生态环境局关于佛山市沃茨节能设备有限公司二次迁扩建项目建设项目环境影响报告表的批复_(1)\approval.md,DA001
APPROVAL_01796,佛山市执美塑料实业有限公司,佛山市 执美塑料实业有限公司迁扩建项目建设项目,DA001,invalid_standard_code,E:\软件\approval_mineru_parsed\2025_佛山市生态环境局关于佛山市源江鑫塑料有限公司搬迁扩建项目建设项目环境影响报告表的批复\approval.md,DA001
APPROVAL_01797,佛山市潮广味食品有限公司,佛 山市潮广味食品有限公司新建项目,DA001,invalid_standard_code,E:\软件\approval_mineru_parsed\2025_佛山市生态环境局关于佛山市潮广味食品有限公司新建项目环境影响报告表的批复（无章）\approval.md,DA001
APPROVAL_01797,佛山市潮广味食品有限公司,佛 山市潮广味食品有限公司新建项目,GB—3,invalid_standard_code,E:\软件\approval_mineru_parsed\2025_佛山市生态环境局关于佛山市潮广味食品有限公司新建项目环境影响报告表的批复（无章）\approval.md,GB-3
APPROVAL_01797,佛山市潮广味食品有限公司,佛 山市潮广味食品有限公司新建项目,DA002,invalid_standard_code,E:\软件\approval_mineru_parsed\2025_佛山市生态环境局关于佛山市潮广味食品有限公司新建项目环境影响报告表的批复（无章）\approval.md,DA002
APPROVAL_01799,佛山市顺德区泰启来塑料模具厂,佛山市 顺德区泰启来塑料模具厂新建项目建设项目,DA001,invalid_standard_code,E:\软件\approval_mineru_parsed\2025_佛山市生态环境局关于佛山市煜敏杰光电科技有限公司新建项目建设项目环境影响报告表的批复\approval.md,DA001
APPROVAL_01801,佛山市盛泰合创科技有限公司,佛山市盛泰合创科技有 限公司建设项目,DA001,invalid_standard_code,E:\软件\approval_mineru_parsed\2025_佛山市生态环境局关于佛山市盛泰合创科技有限公司建设项目建设项目环境影响报告表的批复\approval.md,DA001
APPROVAL_01803,佛山市益田五金塑料制品有限公司,佛山市益田五金塑料制 品有限公司迁扩建项目,DA001,invalid_standard_code,E:\软件\approval_mineru_parsed\2025_佛山市生态环境局关于佛山市翔正天塑料有限公司新建项目建设项目环境影响报告表的批复\approval.md,DA001
APPROVAL_01807,佛山市顺德区容桂联申金属制品厂,佛山市顺德区容桂联申 金属制品厂新建项目,DA001,invalid_standard_code,E:\软件\approval_mineru_parsed\2025_佛山市生态环境局关于佛山市顺天航科技有限公司新建项目建设项目环境影响报告表的批复\approval.md,DA001
APPROVAL_01808,佛山市权科五金塑料厂,佛 山市权科五金塑料厂搬迁扩建项目建设项目,DA001,invalid_standard_code,E:\软件\approval_mineru_parsed\2025_佛山市生态环境局关于佛山市顺德区云起龙骧模具有限公司迁改扩建项目建设项目环境影响报告表的批复\approval.md,DA001
APPROVAL_01809,佛山市顺德区伟联塑料制品厂,佛山市 顺德区伟联塑料制品厂新建项目,DA001,invalid_standard_code,E:\软件\approval_mineru_parsed\2025_佛山市生态环境局关于佛山市顺德区伟联塑料制品厂新建项目建设项目环境影响报告表的批复\approval.md,DA001
APPROVAL_01815,佛山市顺德区容声塑胶有限公司,佛山市顺德区容声塑胶有限公司年增0.8 万吨塑料制品扩建 项目建设项目,G1,invalid_standard_code,E:\软件\approval_mineru_parsed\2025_佛山市生态环境局关于佛山市顺德区容声塑胶有限公司年增0.8万吨塑料制品扩建项目建设项目环境影响报告表的批复\approval.md,G1
APPROVAL_01818,佛山市源江鑫塑料有限公司,佛山市源江鑫塑料有限 公司搬迁扩建项目,DA001,invalid_standard_code,E:\软件\approval_mineru_parsed\2025_佛山市生态环境局关于佛山市顺德区法拉第电器制造有限公司新建项目建设项目环境影响报告表的批复\approval.md,DA001
APPROVAL_01819,佛山市卡洛福新材料有限公司,佛山市 卡洛福新材料有限公司新建项目建设项目,DA001,invalid_standard_code,E:\软件\approval_mineru_parsed\2025_佛山市生态环境局关于佛山市顺德区泰启来塑料模具厂新建项目建设项目环境影响报告表的批复\approval.md,DA001
APPROVAL_01819,佛山市卡洛福新材料有限公司,佛山市 卡洛福新材料有限公司新建项目建设项目,DA001,invalid_standard_code,E:\软件\approval_mineru_parsed\2025_佛山市生态环境局关于佛山市顺德区泰启来塑料模具厂新建项目建设项目环境影响报告表的批复\approval.md,DA001
APPROVAL_01821,佛山市顺德区盈立方五金塑料制品有限公司,佛山市 顺德区盈立方五金塑料制品有限公司迁扩建项目（重新报批） 建设项目,DA001,invalid_standard_code,E:\软件\approval_mineru_parsed\2025_佛山市生态环境局关于佛山市顺德区盈立方五金塑料制品有限公司迁扩建项目（重新报批)建设项目环境影响报告表的批复\approval.md,DA001
APPROVAL_01822,佛山市顺德区芯信电子厂,佛 山市顺德区芯信电子厂新建项目建设项目,DA001,invalid_standard_code,E:\软件\approval_mineru_parsed\2025_佛山市生态环境局关于佛山市顺德区芯信电子厂新建项目建设项目环境影响报告表的批复\approval.md,DA001
APPROVAL_01823,佛山市顺德区蒂锦电器有限公司,佛山市 顺德区蒂锦电器有限公司迁建项目建设项目,DA001,invalid_standard_code,E:\软件\approval_mineru_parsed\2025_佛山市生态环境局关于佛山市顺德区蒂锦电器有限公司迁建项目建设项目环境影响报告表的批复\approval.md,DA001
APPROVAL_01828,广东联柏科技集团有限公司,广 东联柏科技集团有限公司扩建项目建设项目,DA002,invalid_standard_code,E:\软件\approval_mineru_parsed\2025_佛山市生态环境局关于广东富信科技股份有限公司技改项目建设项目环境影响报告表的批复\approval.md,DA002
APPROVAL_01832,广东省精密科技发展有限公司,广东省精密科技发展有 限公司新建项目,G1,invalid_standard_code,E:\软件\approval_mineru_parsed\2025_佛山市生态环境局关于广东联柏科技集团有限公司扩建项目建设项目环境影响报告表的批复\approval.md,G1
APPROVAL_01839,顺德区容桂龙氏五金塑料厂,顺 德区容桂龙氏五金塑料厂新建项目建设项目,DA001,invalid_standard_code,E:\软件\approval_mineru_parsed\2025_佛山市生态环境局关于顺德区容桂龙氏五金塑料厂新建项目建设项目环境影响报告表的批复\approval.md,DA001
APPROVAL_01840,佛山启曜新材料有限公司,佛山启曜新材料 有限公司新建项目,DA001,invalid_standard_code,E:\软件\approval_mineru_parsed\2025_佛山市生态环境局关于高普达（广东）充电有限公司迁改扩建项目建设项目环境影响报告表的批复\approval.md,DA001
APPROVAL_01842,佛山市渝龙塑料制品有限公司,佛山 市渝龙塑料制品有限公司新建项目建设项目,DA001,invalid_standard_code,E:\软件\approval_mineru_parsed\2025_佛环0303环审[2025]33号（佛山市生态环境局关于佛山市渝龙塑料制品有限公司新建项目建设项目环境影响报告表的批复）\approval.md,DA001
APPROVAL_01843,佛山市凯瑞通管业有限公司,佛 山市凯瑞通管业有限公司变更项目建设项目,DA001,invalid_standard_code,E:\软件\approval_mineru_parsed\2025_佛环0303环审[2025]34号（佛山市生态环境局关于佛山市凯瑞通管业有限公司变更项目建设项目环境影响报告表的批复）\approval.md,DA001
APPROVAL_01856,佛山金欧塑料制品有限公司,佛山金欧 塑料制品有限公司新建项目建设项目,DA001,invalid_standard_code,E:\软件\approval_mineru_parsed\2025_佛环0305环审〔2025〕7号【佛山市生态环境局关于佛山金欧塑料制品有限公司新建项目建设项目环境影响报告表的批复】（公示）\approval.md,DA001
APPROVAL_01858,佛山市凯琪威电子有限公司,佛 山市凯琪威电子有限公司新建项目建设项目,G1,invalid_standard_code,E:\软件\approval_mineru_parsed\2025_佛环0305环审〔2025〕9号【佛山市生态环境局关于佛山市凯琪威电子有限公司新建项目建设项目环境影响报告表的批复】（公示）\approval.md,G1
APPROVAL_01873,佛山市库马斯电器有限公司,佛山 市库马斯电器有限公司新建项目,DB44/273,invalid_standard_code,E:\软件\approval_mineru_parsed\2025_佛环0309环审〔2025〕27号（源品味）\approval.md,DB44/273
APPROVAL_01893,佛山市顺德区马甲科技有限公司,佛山市 顺德区马甲科技有限公司迁扩建项目建设项目,GB—3,invalid_standard_code,E:\软件\approval_mineru_parsed\2025_佛环03环审〔2025〕106号\approval.md,GB-3
APPROVAL_01894,佛山市鑫鑫吉金属制品有限公司,佛山市鑫鑫吉金属制品 有限公司新建项目,GB—3,invalid_standard_code,E:\软件\approval_mineru_parsed\2025_佛环03环审〔2025〕10号\approval.md,GB-3
APPROVAL_01899,广东容声电器股份有限公司顺德厨电分公司,广东容声电器股份有限 公司顺德厨电分公司扩建项目,G1,invalid_standard_code,E:\软件\approval_mineru_parsed\2025_佛环03环审〔2025〕118号\approval.md,G1
APPROVAL_01899,广东容声电器股份有限公司顺德厨电分公司,广东容声电器股份有限 公司顺德厨电分公司扩建项目,G2,invalid_standard_code,E:\软件\approval_mineru_parsed\2025_佛环03环审〔2025〕118号\approval.md,G2
APPROVAL_01899,广东容声电器股份有限公司顺德厨电分公司,广东容声电器股份有限 公司顺德厨电分公司扩建项目,G3,invalid_standard_code,E:\软件\approval_mineru_parsed\2025_佛环03环审〔2025〕118号\approval.md,G3
APPROVAL_01907,广东金榜膜业科技有限公司,广东金榜膜业科技 有限公司改扩建项目,DA001,invalid_standard_code,E:\软件\approval_mineru_parsed\2025_佛环03环审〔2025〕128号\approval.md,DA001
APPROVAL_01908,佛山市鸿祥五金有限公司,佛山市 鸿祥五金有限公司新建项目建设项目,G38,invalid_standard_code,E:\软件\approval_mineru_parsed\2025_佛环03环审〔2025〕129号\approval.md,G38
APPROVAL_01909,佛山顺德镁厨电器制造有限公司,佛山顺德镁厨电器制造 有限公司新建项目,G1,invalid_standard_code,E:\软件\approval_mineru_parsed\2025_佛环03环审〔2025〕12号\approval.md,G1
APPROVAL_01909,佛山顺德镁厨电器制造有限公司,佛山顺德镁厨电器制造 有限公司新建项目,G2,invalid_standard_code,E:\软件\approval_mineru_parsed\2025_佛环03环审〔2025〕12号\approval.md,G2
APPROVAL_01916,佛山市金鸿泓博金属有限公司,佛山 市金鸿泓博金属有限公司新建项目建设项目,G14,invalid_standard_code,E:\软件\approval_mineru_parsed\2025_佛环03环审〔2025〕136号\approval.md,G14
APPROVAL_01920,佛山市顺德区湛宏塑料制品有限公司,佛山 市顺德区湛宏塑料制品有限公司改扩建项目重新报批建设项 目,G1,invalid_standard_code,E:\软件\approval_mineru_parsed\2025_佛环03环审〔2025〕141号\approval.md,G1
APPROVAL_01920,佛山市顺德区湛宏塑料制品有限公司,佛山 市顺德区湛宏塑料制品有限公司改扩建项目重新报批建设项 目,G2,invalid_standard_code,E:\软件\approval_mineru_parsed\2025_佛环03环审〔2025〕141号\approval.md,G2
APPROVAL_01921,佛山市顺德区兴仲木业有限公司,佛山市顺德区兴仲木业 有限公司搬迁项目,G1,invalid_standard_code,E:\软件\approval_mineru_parsed\2025_佛环03环审〔2025〕142号\approval.md,G1
APPROVAL_01921,佛山市顺德区兴仲木业有限公司,佛山市顺德区兴仲木业 有限公司搬迁项目,G2,invalid_standard_code,E:\软件\approval_mineru_parsed\2025_佛环03环审〔2025〕142号\approval.md,G2
APPROVAL_01931,广东美的制冷设备有限公司,广东美的制冷设备 有限公司手板车间新建项目,DA001,invalid_standard_code,E:\软件\approval_mineru_parsed\2025_佛环03环审〔2025〕152号\approval.md,DA001
APPROVAL_01931,广东美的制冷设备有限公司,广东美的制冷设备 有限公司手板车间新建项目,DA002,invalid_standard_code,E:\软件\approval_mineru_parsed\2025_佛环03环审〔2025〕152号\approval.md,DA002
APPROVAL_01942,佛山市大寰谱和新材料有限公司,佛山市大 寰谱和新材料有限公司新建项目建设项目,DA001,invalid_standard_code,E:\软件\approval_mineru_parsed\2025_佛环03环审〔2025〕165号佛山市生态环境局关于佛山市大寰谱和新材料有限公司新建项目建设项目环境影响报告表的批复\approval.md,DA001
APPROVAL_01942,佛山市大寰谱和新材料有限公司,佛山市大 寰谱和新材料有限公司新建项目建设项目,DA002,invalid_standard_code,E:\软件\approval_mineru_parsed\2025_佛环03环审〔2025〕165号佛山市生态环境局关于佛山市大寰谱和新材料有限公司新建项目建设项目环境影响报告表的批复\approval.md,DA002
APPROVAL_01948,广东力升电器有限公司,广 东力升电器有限公司改扩建项目建设项目,DA001,invalid_standard_code,E:\软件\approval_mineru_parsed\2025_佛环03环审〔2025〕170号佛山市生态环境局关于广东力升电器有限公司改扩建项目建设项目环境影响报告表的批复\approval.md,DA001
APPROVAL_01948,广东力升电器有限公司,广 东力升电器有限公司改扩建项目建设项目,DA002,invalid_standard_code,E:\软件\approval_mineru_parsed\2025_佛环03环审〔2025〕170号佛山市生态环境局关于广东力升电器有限公司改扩建项目建设项目环境影响报告表的批复\approval.md,DA002
APPROVAL_01954,佛山市顺德区哥博电器有限公司,佛山市顺 德区哥博电器有限公司改扩建项目建设项目,DA001,invalid_standard_code,E:\软件\approval_mineru_parsed\2025_佛环03环审〔2025〕176号佛山市生态环境局关于佛山市顺德区哥博电器有限公司改扩建项目建设项目环境影响报告表的批复\approval.md,DA001
APPROVAL_01954,佛山市顺德区哥博电器有限公司,佛山市顺 德区哥博电器有限公司改扩建项目建设项目,DA004,invalid_standard_code,E:\软件\approval_mineru_parsed\2025_佛环03环审〔2025〕176号佛山市生态环境局关于佛山市顺德区哥博电器有限公司改扩建项目建设项目环境影响报告表的批复\approval.md,DA004
APPROVAL_01954,佛山市顺德区哥博电器有限公司,佛山市顺 德区哥博电器有限公司改扩建项目建设项目,DA003,invalid_standard_code,E:\软件\approval_mineru_parsed\2025_佛环03环审〔2025〕176号佛山市生态环境局关于佛山市顺德区哥博电器有限公司改扩建项目建设项目环境影响报告表的批复\approval.md,DA003
APPROVAL_01954,佛山市顺德区哥博电器有限公司,佛山市顺 德区哥博电器有限公司改扩建项目建设项目,DA002,invalid_standard_code,E:\软件\approval_mineru_parsed\2025_佛环03环审〔2025〕176号佛山市生态环境局关于佛山市顺德区哥博电器有限公司改扩建项目建设项目环境影响报告表的批复\approval.md,DA002
APPROVAL_01959,佛山市顺德区福利来酒店傢具有限公司,佛山市顺德区福利来 酒店傢具有限公司扩建项目,DA005,invalid_standard_code,E:\软件\approval_mineru_parsed\2025_佛环03环审〔2025〕181号佛山市生态环境局关于佛山市顺德区福利来酒店傢具有限公司扩建项目建设项目环境影响报告书的批复\approval.md,DA005
APPROVAL_01974,佛山市顺德区豪朗展业电器有限公司,佛山市顺德区豪朗展业 电器有限公司迁改建项目,G1,invalid_standard_code,E:\软件\approval_mineru_parsed\2025_佛环03环审〔2025〕195号佛山市生态环境局关于佛山市顺德区豪朗展业电器有限公司迁改建项目建设项目环境影响报告表的批复\approval.md,G1
APPROVAL_01974,佛山市顺德区豪朗展业电器有限公司,佛山市顺德区豪朗展业 电器有限公司迁改建项目,G2,invalid_standard_code,E:\软件\approval_mineru_parsed\2025_佛环03环审〔2025〕195号佛山市生态环境局关于佛山市顺德区豪朗展业电器有限公司迁改建项目建设项目环境影响报告表的批复\approval.md,G2
APPROVAL_01981,广东德尔玛健康科技有限公司,广 东德尔玛健康科技有限公司智能小家电制造基地二期扩建项目建 设项目,DA004,invalid_standard_code,E:\软件\approval_mineru_parsed\2025_佛环03环审〔2025〕201号佛山市生态环境局关于广东德尔玛健康科技有限公司智能小家电制造基地二期扩建项目建设项目环境影响报告表的批复\approval.md,DA004
APPROVAL_01981,广东德尔玛健康科技有限公司,广 东德尔玛健康科技有限公司智能小家电制造基地二期扩建项目建 设项目,DA005,invalid_standard_code,E:\软件\approval_mineru_parsed\2025_佛环03环审〔2025〕201号佛山市生态环境局关于广东德尔玛健康科技有限公司智能小家电制造基地二期扩建项目建设项目环境影响报告表的批复\approval.md,DA005
APPROVAL_01981,广东德尔玛健康科技有限公司,广 东德尔玛健康科技有限公司智能小家电制造基地二期扩建项目建 设项目,DA006,invalid_standard_code,E:\软件\approval_mineru_parsed\2025_佛环03环审〔2025〕201号佛山市生态环境局关于广东德尔玛健康科技有限公司智能小家电制造基地二期扩建项目建设项目环境影响报告表的批复\approval.md,DA006
APPROVAL_01981,广东德尔玛健康科技有限公司,广 东德尔玛健康科技有限公司智能小家电制造基地二期扩建项目建 设项目,GB—4,invalid_standard_code,E:\软件\approval_mineru_parsed\2025_佛环03环审〔2025〕201号佛山市生态环境局关于广东德尔玛健康科技有限公司智能小家电制造基地二期扩建项目建设项目环境影响报告表的批复\approval.md,GB-4
APPROVAL_01987,佛山市顺德区日洋电器有限公司,佛山市顺德区日洋电器 有限公司新建项目,G1,invalid_standard_code,E:\软件\approval_mineru_parsed\2025_佛环03环审〔2025〕207号佛山市生态环境局关于佛山市顺德区日洋电器有限公司新建项目建设项目环境影响报告表的批复\approval.md,G1
APPROVAL_01987,佛山市顺德区日洋电器有限公司,佛山市顺德区日洋电器 有限公司新建项目,G2,invalid_standard_code,E:\软件\approval_mineru_parsed\2025_佛环03环审〔2025〕207号佛山市生态环境局关于佛山市顺德区日洋电器有限公司新建项目建设项目环境影响报告表的批复\approval.md,G2
APPROVAL_01987,佛山市顺德区日洋电器有限公司,佛山市顺德区日洋电器 有限公司新建项目,G3,invalid_standard_code,E:\软件\approval_mineru_parsed\2025_佛环03环审〔2025〕207号佛山市生态环境局关于佛山市顺德区日洋电器有限公司新建项目建设项目环境影响报告表的批复\approval.md,G3
APPROVAL_01987,佛山市顺德区日洋电器有限公司,佛山市顺德区日洋电器 有限公司新建项目,G4,invalid_standard_code,E:\软件\approval_mineru_parsed\2025_佛环03环审〔2025〕207号佛山市生态环境局关于佛山市顺德区日洋电器有限公司新建项目建设项目环境影响报告表的批复\approval.md,G4
APPROVAL_01987,佛山市顺德区日洋电器有限公司,佛山市顺德区日洋电器 有限公司新建项目,G5,invalid_standard_code,E:\软件\approval_mineru_parsed\2025_佛环03环审〔2025〕207号佛山市生态环境局关于佛山市顺德区日洋电器有限公司新建项目建设项目环境影响报告表的批复\approval.md,G5
APPROVAL_01987,佛山市顺德区日洋电器有限公司,佛山市顺德区日洋电器 有限公司新建项目,G6,invalid_standard_code,E:\软件\approval_mineru_parsed\2025_佛环03环审〔2025〕207号佛山市生态环境局关于佛山市顺德区日洋电器有限公司新建项目建设项目环境影响报告表的批复\approval.md,G6
APPROVAL_01987,佛山市顺德区日洋电器有限公司,佛山市顺德区日洋电器 有限公司新建项目,G7,invalid_standard_code,E:\软件\approval_mineru_parsed\2025_佛环03环审〔2025〕207号佛山市生态环境局关于佛山市顺德区日洋电器有限公司新建项目建设项目环境影响报告表的批复\approval.md,G7
APPROVAL_01987,佛山市顺德区日洋电器有限公司,佛山市顺德区日洋电器 有限公司新建项目,GB41616—5,invalid_standard_code,E:\软件\approval_mineru_parsed\2025_佛环03环审〔2025〕207号佛山市生态环境局关于佛山市顺德区日洋电器有限公司新建项目建设项目环境影响报告表的批复\approval.md,GB41616-5
APPROVAL_01997,广东华德峰塑料包装有限公司勒流分公司,广东华德峰塑料包装 有限公司勒流分公司新建项目,G1,invalid_standard_code,E:\软件\approval_mineru_parsed\2025_佛环03环审〔2025〕216号佛山市生态环境局关于广东华德峰塑料包装有限公司勒流分公司新建项目建设项目环境影响报告表的批复\approval.md,G1
APPROVAL_01999,佛山市洁源顺金属制品有限公司,佛山市洁源顺金属制品 有限公司重新报批项目建设项目,DA003,invalid_standard_code,E:\软件\approval_mineru_parsed\2025_佛环03环审〔2025〕218号佛山市生态环境局关于佛山市洁源顺金属制品有限公司重新报批项目建设项目环境影响报告表的批复\approval.md,DA003
APPROVAL_02007,佛山市顺德区科本电器有限公司,佛山市顺德区科本电器 有限公司迁扩建项目,DA001,invalid_standard_code,E:\软件\approval_mineru_parsed\2025_佛环03环审〔2025〕225号佛山市生态环境局关于佛山市顺德区科本电器有限公司迁扩建项目建设项目环境影响报告表的批复\approval.md,DA001
APPROVAL_02007,佛山市顺德区科本电器有限公司,佛山市顺德区科本电器 有限公司迁扩建项目,DA002,invalid_standard_code,E:\软件\approval_mineru_parsed\2025_佛环03环审〔2025〕225号佛山市生态环境局关于佛山市顺德区科本电器有限公司迁扩建项目建设项目环境影响报告表的批复\approval.md,DA002
APPROVAL_02009,佛山憬源磁性材料有限公司,佛 山憬源磁性材料有限公司建设项目建设项目,DA001,invalid_standard_code,E:\软件\approval_mineru_parsed\2025_佛环03环审〔2025〕227号佛山市生态环境局关于佛山憬源磁性材料有限公司建设项目建设项目环境影响报告表的批复\approval.md,DA001
APPROVAL_02011,佛山市大黄蜂模型科技有限公司顺德分公司,佛山市大黄蜂模型科技 有限公司顺德分公司新建项目,GB—4,invalid_standard_code,E:\软件\approval_mineru_parsed\2025_佛环03环审〔2025〕229号佛山市生态环境局关于佛山市大黄蜂模型科技有限公司顺德分公司新建项目建设项目环境影响报告表的批复\approval.md,GB-4
APPROVAL_02023,佛山市嘉合精研新材料科技有限公司,佛山市嘉合精研新材料 科技有限公司新建项目,DB44/27,invalid_standard_code,E:\软件\approval_mineru_parsed\2025_佛环03环审〔2025〕240号佛山市生态环境局关于佛山市嘉合精研新材料科技有限公司新建项目建设项目环境影响报告表的批复\approval.md,DB44/27
APPROVAL_02029,佛山市酷灵热系统技术有限公司,佛山市酷 灵热系统技术有限公司新建项目建设项目,G1,invalid_standard_code,E:\软件\approval_mineru_parsed\2025_佛环03环审〔2025〕246号佛山市生态环境局关于佛山市酷灵热系统技术有限公司新建项目建设项目环境影响报告表的批复\approval.md,G1
APPROVAL_02029,佛山市酷灵热系统技术有限公司,佛山市酷 灵热系统技术有限公司新建项目建设项目,G2,invalid_standard_code,E:\软件\approval_mineru_parsed\2025_佛环03环审〔2025〕246号佛山市生态环境局关于佛山市酷灵热系统技术有限公司新建项目建设项目环境影响报告表的批复\approval.md,G2
APPROVAL_02033,佛山市顺德区容桂铭鸿燃具有限公司,佛山市顺德区容桂铭鸿 燃具有限公司改扩建项目,G1,invalid_standard_code,E:\软件\approval_mineru_parsed\2025_佛环03环审〔2025〕250号佛山市生态环境局关于佛山市顺德区容桂铭鸿燃具有限公司改扩建项目建设项目环境影响报告表的批复\approval.md,G1
APPROVAL_02045,佛山市嘉炫兴包装实业股份有限公司,佛山市嘉炫兴包装实业 股份有限公司改扩建项目,DA001,invalid_standard_code,E:\软件\approval_mineru_parsed\2025_佛环03环审〔2025〕262号佛山市生态环境局关于佛山市嘉炫兴包装实业股份有限公司改扩建项目建设项目环境影响报告表的批复\approval.md,DA001
APPROVAL_02045,佛山市嘉炫兴包装实业股份有限公司,佛山市嘉炫兴包装实业 股份有限公司改扩建项目,DA002,invalid_standard_code,E:\软件\approval_mineru_parsed\2025_佛环03环审〔2025〕262号佛山市生态环境局关于佛山市嘉炫兴包装实业股份有限公司改扩建项目建设项目环境影响报告表的批复\approval.md,DA002
APPROVAL_02045,佛山市嘉炫兴包装实业股份有限公司,佛山市嘉炫兴包装实业 股份有限公司改扩建项目,DA003,invalid_standard_code,E:\软件\approval_mineru_parsed\2025_佛环03环审〔2025〕262号佛山市生态环境局关于佛山市嘉炫兴包装实业股份有限公司改扩建项目建设项目环境影响报告表的批复\approval.md,DA003
APPROVAL_02047,佛山市顺德区维鑫源生物技术有限公司,佛山市顺德区维鑫源 生物技术有限公司新建项目,DA001,invalid_standard_code,E:\软件\approval_mineru_parsed\2025_佛环03环审〔2025〕264号佛山市生态环境局关于佛山市顺德区维鑫源生物技术有限公司新建项目建设项目环境影响报告表的批复\approval.md,DA001
APPROVAL_02047,佛山市顺德区维鑫源生物技术有限公司,佛山市顺德区维鑫源 生物技术有限公司新建项目,DA002,invalid_standard_code,E:\软件\approval_mineru_parsed\2025_佛环03环审〔2025〕264号佛山市生态环境局关于佛山市顺德区维鑫源生物技术有限公司新建项目建设项目环境影响报告表的批复\approval.md,DA002
APPROVAL_02048,广东顺德明卿木业有限公司,广东顺德 明卿木业有限公司新建项目建设项目,DA001,invalid_standard_code,E:\软件\approval_mineru_parsed\2025_佛环03环审〔2025〕265号佛山市生态环境局关于广东顺德明卿木业有限公司新建项目建设项目环境影响报告表的批复\approval.md,DA001
APPROVAL_02048,广东顺德明卿木业有限公司,广东顺德 明卿木业有限公司新建项目建设项目,DA002,invalid_standard_code,E:\软件\approval_mineru_parsed\2025_佛环03环审〔2025〕265号佛山市生态环境局关于广东顺德明卿木业有限公司新建项目建设项目环境影响报告表的批复\approval.md,DA002
APPROVAL_02048,广东顺德明卿木业有限公司,广东顺德 明卿木业有限公司新建项目建设项目,DA003,invalid_standard_code,E:\软件\approval_mineru_parsed\2025_佛环03环审〔2025〕265号佛山市生态环境局关于广东顺德明卿木业有限公司新建项目建设项目环境影响报告表的批复\approval.md,DA003
APPROVAL_02051,佛山市兴品舜电子有限公司,佛山市兴 品舜电子有限公司新建项目建设项目,G19,invalid_standard_code,E:\软件\approval_mineru_parsed\2025_佛环03环审〔2025〕268号佛山市生态环境局关于佛山市兴品舜电子有限公司新建项目建设项目环境影响报告表的批复\approval.md,G19
APPROVAL_02061,佛山市活力源电子科技有限公司,佛山市活力源电子科技 有限公司搬迁扩建项目,DA001,invalid_standard_code,E:\软件\approval_mineru_parsed\2025_佛环03环审〔2025〕279号佛山市生态环境局关于佛山市活力源电子科技有限公司搬迁扩建项目建设项目环境影响报告表的批复\approval.md,DA001
APPROVAL_02061,佛山市活力源电子科技有限公司,佛山市活力源电子科技 有限公司搬迁扩建项目,DA002,invalid_standard_code,E:\软件\approval_mineru_parsed\2025_佛环03环审〔2025〕279号佛山市生态环境局关于佛山市活力源电子科技有限公司搬迁扩建项目建设项目环境影响报告表的批复\approval.md,DA002
APPROVAL_02061,佛山市活力源电子科技有限公司,佛山市活力源电子科技 有限公司搬迁扩建项目,DA003,invalid_standard_code,E:\软件\approval_mineru_parsed\2025_佛环03环审〔2025〕279号佛山市生态环境局关于佛山市活力源电子科技有限公司搬迁扩建项目建设项目环境影响报告表的批复\approval.md,DA003
APPROVAL_02062,佛山市美捷远新材料有限公司,佛山 市美捷远新材料有限公司新建项目建设项目,GB14554—3,invalid_standard_code,E:\软件\approval_mineru_parsed\2025_佛环03环审〔2025〕282号佛山市生态环境局关于佛山市美捷远新材料有限公司新建项目建设项目环境影响报告表的批复\approval.md,GB14554-3
APPROVAL_02068,佛山市顺德鑫科宏久电器有限公司,佛山市顺德鑫科宏久 电器有限公司新建项目,DA001,invalid_standard_code,E:\软件\approval_mineru_parsed\2025_佛环03环审〔2025〕288号佛山市生态环境局关于佛山市顺德鑫科宏久电器有限公司新建项目建设项目环境影响报告表的批复\approval.md,DA001
APPROVAL_02068,佛山市顺德鑫科宏久电器有限公司,佛山市顺德鑫科宏久 电器有限公司新建项目,DA002,invalid_standard_code,E:\软件\approval_mineru_parsed\2025_佛环03环审〔2025〕288号佛山市生态环境局关于佛山市顺德鑫科宏久电器有限公司新建项目建设项目环境影响报告表的批复\approval.md,DA002
APPROVAL_02078,广东纯米电器科技有限公司,广东 纯米电器科技有限公司改扩建项目建设项目,DA003,invalid_standard_code,E:\软件\approval_mineru_parsed\2025_佛环03环审〔2025〕298号佛山市生态环境局关于广东纯米电器科技有限公司改扩建项目建设项目环境影响报告表的批复\approval.md,DA003
APPROVAL_02085,佛山市尚维电子有限公司,佛山市尚 维电子有限公司新建项目建设项目,DA001,invalid_standard_code,E:\软件\approval_mineru_parsed\2025_佛环03环审〔2025〕304号佛山市生态环境局关于佛山市尚维电子有限公司新建项目建设项目环境影响报告表的批复\approval.md,DA001
APPROVAL_02085,佛山市尚维电子有限公司,佛山市尚 维电子有限公司新建项目建设项目,DA002,invalid_standard_code,E:\软件\approval_mineru_parsed\2025_佛环03环审〔2025〕304号佛山市生态环境局关于佛山市尚维电子有限公司新建项目建设项目环境影响报告表的批复\approval.md,DA002
APPROVAL_02085,佛山市尚维电子有限公司,佛山市尚 维电子有限公司新建项目建设项目,DA003,invalid_standard_code,E:\软件\approval_mineru_parsed\2025_佛环03环审〔2025〕304号佛山市生态环境局关于佛山市尚维电子有限公司新建项目建设项目环境影响报告表的批复\approval.md,DA003
APPROVAL_02088,佛山市宏四方塑胶制品有限公司,佛山市宏 四方塑胶制品有限公司迁扩建项目建设项目,DA001,invalid_standard_code,E:\软件\approval_mineru_parsed\2025_佛环03环审〔2025〕307号佛山市生态环境局关于佛山市宏四方塑胶制品有限公司迁扩建项目建设项目环境影响报告表的批复\approval.md,DA001
APPROVAL_02088,佛山市宏四方塑胶制品有限公司,佛山市宏 四方塑胶制品有限公司迁扩建项目建设项目,DA002,invalid_standard_code,E:\软件\approval_mineru_parsed\2025_佛环03环审〔2025〕307号佛山市生态环境局关于佛山市宏四方塑胶制品有限公司迁扩建项目建设项目环境影响报告表的批复\approval.md,DA002
APPROVAL_02095,佛山市亿江金属制品有限公司,佛 山市亿江金属制品有限公司新建项目建设项目,DA002,invalid_standard_code,E:\软件\approval_mineru_parsed\2025_佛环03环审〔2025〕314号佛山市生态环境局关于佛山市亿江金属制品有限公司新建项目建设项目环境影响报告表的批复\approval.md,DA002
APPROVAL_02095,佛山市亿江金属制品有限公司,佛 山市亿江金属制品有限公司新建项目建设项目,DA004,invalid_standard_code,E:\软件\approval_mineru_parsed\2025_佛环03环审〔2025〕314号佛山市生态环境局关于佛山市亿江金属制品有限公司新建项目建设项目环境影响报告表的批复\approval.md,DA004
APPROVAL_02096,成田（广东）科技有限公司,成田（广东）科技有限 公司总部基地新建项目,G2,invalid_standard_code,E:\软件\approval_mineru_parsed\2025_佛环03环审〔2025〕315号佛山市生态环境局关于成田（广东）科技有限公司总部基地新建项目建设项目环境影响报告表的批复\approval.md,G2
APPROVAL_02096,成田（广东）科技有限公司,成田（广东）科技有限 公司总部基地新建项目,G5,invalid_standard_code,E:\软件\approval_mineru_parsed\2025_佛环03环审〔2025〕315号佛山市生态环境局关于成田（广东）科技有限公司总部基地新建项目建设项目环境影响报告表的批复\approval.md,G5
APPROVAL_02107,广东福町电器实业有限公司,广东福町 电器实业有限公司新建项目建设项目,G1,invalid_standard_code,E:\软件\approval_mineru_parsed\2025_佛环03环审〔2025〕326号佛山市生态环境局关于广东福町电器实业有限公司新建项目建设项目环境影响报告表的批复\approval.md,G1
APPROVAL_02107,广东福町电器实业有限公司,广东福町 电器实业有限公司新建项目建设项目,G2,invalid_standard_code,E:\软件\approval_mineru_parsed\2025_佛环03环审〔2025〕326号佛山市生态环境局关于广东福町电器实业有限公司新建项目建设项目环境影响报告表的批复\approval.md,G2
APPROVAL_02107,广东福町电器实业有限公司,广东福町 电器实业有限公司新建项目建设项目,G3,invalid_standard_code,E:\软件\approval_mineru_parsed\2025_佛环03环审〔2025〕326号佛山市生态环境局关于广东福町电器实业有限公司新建项目建设项目环境影响报告表的批复\approval.md,G3
APPROVAL_02107,广东福町电器实业有限公司,广东福町 电器实业有限公司新建项目建设项目,G4,invalid_standard_code,E:\软件\approval_mineru_parsed\2025_佛环03环审〔2025〕326号佛山市生态环境局关于广东福町电器实业有限公司新建项目建设项目环境影响报告表的批复\approval.md,G4
APPROVAL_02111,佛山市明海智能电子有限公司,佛山市明 海智能电子有限公司新建项目建设项目,G12,invalid_standard_code,E:\软件\approval_mineru_parsed\2025_佛环03环审〔2025〕330号佛山市生态环境局关于佛山市明海智能电子有限公司新建项目建设项目环境影响报告表的批复\approval.md,G12
APPROVAL_02111,佛山市明海智能电子有限公司,佛山市明 海智能电子有限公司新建项目建设项目,G19,invalid_standard_code,E:\软件\approval_mineru_parsed\2025_佛环03环审〔2025〕330号佛山市生态环境局关于佛山市明海智能电子有限公司新建项目建设项目环境影响报告表的批复\approval.md,G19
APPROVAL_02111,佛山市明海智能电子有限公司,佛山市明 海智能电子有限公司新建项目建设项目,G31,invalid_standard_code,E:\软件\approval_mineru_parsed\2025_佛环03环审〔2025〕330号佛山市生态环境局关于佛山市明海智能电子有限公司新建项目建设项目环境影响报告表的批复\approval.md,G31
APPROVAL_02112,佛山市顺德区冠宇达电源有限公司,佛山市顺 德区冠宇达电源有限公司建设项目建设项目,G1,invalid_standard_code,E:\软件\approval_mineru_parsed\2025_佛环03环审〔2025〕331号佛山市生态环境局关于佛山市顺德区冠宇达电源有限公司建设项目建设项目环境影响报告表的批复\approval.md,G1
APPROVAL_02112,佛山市顺德区冠宇达电源有限公司,佛山市顺 德区冠宇达电源有限公司建设项目建设项目,G2,invalid_standard_code,E:\软件\approval_mineru_parsed\2025_佛环03环审〔2025〕331号佛山市生态环境局关于佛山市顺德区冠宇达电源有限公司建设项目建设项目环境影响报告表的批复\approval.md,G2
APPROVAL_02112,佛山市顺德区冠宇达电源有限公司,佛山市顺 德区冠宇达电源有限公司建设项目建设项目,G3,invalid_standard_code,E:\软件\approval_mineru_parsed\2025_佛环03环审〔2025〕331号佛山市生态环境局关于佛山市顺德区冠宇达电源有限公司建设项目建设项目环境影响报告表的批复\approval.md,G3
APPROVAL_02112,佛山市顺德区冠宇达电源有限公司,佛山市顺 德区冠宇达电源有限公司建设项目建设项目,G4,invalid_standard_code,E:\软件\approval_mineru_parsed\2025_佛环03环审〔2025〕331号佛山市生态环境局关于佛山市顺德区冠宇达电源有限公司建设项目建设项目环境影响报告表的批复\approval.md,G4
APPROVAL_02112,佛山市顺德区冠宇达电源有限公司,佛山市顺 德区冠宇达电源有限公司建设项目建设项目,G5,invalid_standard_code,E:\软件\approval_mineru_parsed\2025_佛环03环审〔2025〕331号佛山市生态环境局关于佛山市顺德区冠宇达电源有限公司建设项目建设项目环境影响报告表的批复\approval.md,G5
APPROVAL_02114,佛山市顺德区陈村镇丰禾纸箱包装厂,佛山市顺德区陈村镇 丰禾纸箱包装厂迁扩建项目,DA001,invalid_standard_code,E:\软件\approval_mineru_parsed\2025_佛环03环审〔2025〕333号佛山市生态环境局关于佛山市顺德区陈村镇丰禾纸箱包装厂迁扩建项目建设项目环境影响报告表的批复\approval.md,DA001
APPROVAL_02118,佛山市美吉欣新材料科技有限公司,佛山市美 吉欣新材料科技有限公司新建项目建设项目,DA001,invalid_standard_code,E:\软件\approval_mineru_parsed\2025_佛环03环审〔2025〕337号佛山市生态环境局关于佛山市美吉欣新材料科技有限公司新建项目建设项目环境影响报告表的批复\approval.md,DA001
APPROVAL_02120,顺特电气设备有限公司,顺特电气设备有限公司 变压器智慧工厂改扩建项目,G2,invalid_standard_code,E:\软件\approval_mineru_parsed\2025_佛环03环审〔2025〕339号佛山市生态环境局关于顺特电气设备有限公司变压器智慧工厂改扩建项目建设项目环境影响报告表的批复\approval.md,G2
APPROVAL_02120,顺特电气设备有限公司,顺特电气设备有限公司 变压器智慧工厂改扩建项目,G1,invalid_standard_code,E:\软件\approval_mineru_parsed\2025_佛环03环审〔2025〕339号佛山市生态环境局关于顺特电气设备有限公司变压器智慧工厂改扩建项目建设项目环境影响报告表的批复\approval.md,G1
APPROVAL_02126,佛山市顺德区鸿实合成材料有限公司,佛山市顺德区鸿实合成 材料有限公司迁扩建项目,G1,invalid_standard_code,E:\软件\approval_mineru_parsed\2025_佛环03环审〔2025〕345号佛山市生态环境局关于佛山市顺德区鸿实合成材料有限公司迁扩建项目建设项目环境影响报告表的批复\approval.md,G1
APPROVAL_02126,佛山市顺德区鸿实合成材料有限公司,佛山市顺德区鸿实合成 材料有限公司迁扩建项目,G2,invalid_standard_code,E:\软件\approval_mineru_parsed\2025_佛环03环审〔2025〕345号佛山市生态环境局关于佛山市顺德区鸿实合成材料有限公司迁扩建项目建设项目环境影响报告表的批复\approval.md,G2
APPROVAL_02127,佛山市顺德区信祥塑料厂,佛山市顺 德区信祥塑料厂（个人独资）新建项目建设项目,DA001,invalid_standard_code,E:\软件\approval_mineru_parsed\2025_佛环03环审〔2025〕346号佛山市生态环境局关于佛山市顺德区信祥塑料厂（个人独资）新建项目建设项目环境影响报告表的批复\approval.md,DA001
APPROVAL_02127,佛山市顺德区信祥塑料厂,佛山市顺 德区信祥塑料厂（个人独资）新建项目建设项目,DA002,invalid_standard_code,E:\软件\approval_mineru_parsed\2025_佛环03环审〔2025〕346号佛山市生态环境局关于佛山市顺德区信祥塑料厂（个人独资）新建项目建设项目环境影响报告表的批复\approval.md,DA002
APPROVAL_02130,广东合胜热能科技有限公司,广东合胜 热能科技有限公司新建项目重新报批建设项目,DA001,invalid_standard_code,E:\软件\approval_mineru_parsed\2025_佛环03环审〔2025〕349号佛山市生态环境局关于广东合胜热能科技有限公司新建项目重新报批建设项目环境影响报告表的批复\approval.md,DA001
APPROVAL_02130,广东合胜热能科技有限公司,广东合胜 热能科技有限公司新建项目重新报批建设项目,DA002,invalid_standard_code,E:\软件\approval_mineru_parsed\2025_佛环03环审〔2025〕349号佛山市生态环境局关于广东合胜热能科技有限公司新建项目重新报批建设项目环境影响报告表的批复\approval.md,DA002
APPROVAL_02130,广东合胜热能科技有限公司,广东合胜 热能科技有限公司新建项目重新报批建设项目,DA003,invalid_standard_code,E:\软件\approval_mineru_parsed\2025_佛环03环审〔2025〕349号佛山市生态环境局关于广东合胜热能科技有限公司新建项目重新报批建设项目环境影响报告表的批复\approval.md,DA003
APPROVAL_02130,广东合胜热能科技有限公司,广东合胜 热能科技有限公司新建项目重新报批建设项目,DA004,invalid_standard_code,E:\软件\approval_mineru_parsed\2025_佛环03环审〔2025〕349号佛山市生态环境局关于广东合胜热能科技有限公司新建项目重新报批建设项目环境影响报告表的批复\approval.md,DA004
APPROVAL_02130,广东合胜热能科技有限公司,广东合胜 热能科技有限公司新建项目重新报批建设项目,DA005,invalid_standard_code,E:\软件\approval_mineru_parsed\2025_佛环03环审〔2025〕349号佛山市生态环境局关于广东合胜热能科技有限公司新建项目重新报批建设项目环境影响报告表的批复\approval.md,DA005
APPROVAL_02130,广东合胜热能科技有限公司,广东合胜 热能科技有限公司新建项目重新报批建设项目,DA006,invalid_standard_code,E:\软件\approval_mineru_parsed\2025_佛环03环审〔2025〕349号佛山市生态环境局关于广东合胜热能科技有限公司新建项目重新报批建设项目环境影响报告表的批复\approval.md,DA006
APPROVAL_02134,佛山百捷电子材料有限公司,佛山百捷 电子材料有限公司新建项目建设项目,GB—3,invalid_standard_code,E:\软件\approval_mineru_parsed\2025_佛环03环审〔2025〕352号佛山市生态环境局关于佛山百捷电子材料有限公司新建项目建设项目环境影响报告表的批复\approval.md,GB-3
APPROVAL_02147,广东美涂士新材料科技有限公司,美 涂士全球生态智能总部建设项目建设项目,G1,invalid_standard_code,E:\软件\approval_mineru_parsed\2025_佛环03环审〔2025〕365号佛山市生态环境局关于美涂士全球生态智能总部建设项目建设项目环境影响报告表的批复\approval.md,G1
APPROVAL_02147,广东美涂士新材料科技有限公司,美 涂士全球生态智能总部建设项目建设项目,G2,invalid_standard_code,E:\软件\approval_mineru_parsed\2025_佛环03环审〔2025〕365号佛山市生态环境局关于美涂士全球生态智能总部建设项目建设项目环境影响报告表的批复\approval.md,G2
APPROVAL_02147,广东美涂士新材料科技有限公司,美 涂士全球生态智能总部建设项目建设项目,G3,invalid_standard_code,E:\软件\approval_mineru_parsed\2025_佛环03环审〔2025〕365号佛山市生态环境局关于美涂士全球生态智能总部建设项目建设项目环境影响报告表的批复\approval.md,G3
APPROVAL_02147,广东美涂士新材料科技有限公司,美 涂士全球生态智能总部建设项目建设项目,G4,invalid_standard_code,E:\软件\approval_mineru_parsed\2025_佛环03环审〔2025〕365号佛山市生态环境局关于美涂士全球生态智能总部建设项目建设项目环境影响报告表的批复\approval.md,G4
APPROVAL_02147,广东美涂士新材料科技有限公司,美 涂士全球生态智能总部建设项目建设项目,G5,invalid_standard_code,E:\软件\approval_mineru_parsed\2025_佛环03环审〔2025〕365号佛山市生态环境局关于美涂士全球生态智能总部建设项目建设项目环境影响报告表的批复\approval.md,G5
APPROVAL_02147,广东美涂士新材料科技有限公司,美 涂士全球生态智能总部建设项目建设项目,G6,invalid_standard_code,E:\软件\approval_mineru_parsed\2025_佛环03环审〔2025〕365号佛山市生态环境局关于美涂士全球生态智能总部建设项目建设项目环境影响报告表的批复\approval.md,G6
APPROVAL_02147,广东美涂士新材料科技有限公司,美 涂士全球生态智能总部建设项目建设项目,G7,invalid_standard_code,E:\软件\approval_mineru_parsed\2025_佛环03环审〔2025〕365号佛山市生态环境局关于美涂士全球生态智能总部建设项目建设项目环境影响报告表的批复\approval.md,G7
APPROVAL_02147,广东美涂士新材料科技有限公司,美 涂士全球生态智能总部建设项目建设项目,G8,invalid_standard_code,E:\软件\approval_mineru_parsed\2025_佛环03环审〔2025〕365号佛山市生态环境局关于美涂士全球生态智能总部建设项目建设项目环境影响报告表的批复\approval.md,G8
APPROVAL_02151,佛山市顺德区杰润五金塑料有限公司,佛山市顺德区杰润五金塑料有限公司容桂街道容奇大道以南、 华基路以西地块新建项目建设项目,DA001,invalid_standard_code,E:\软件\approval_mineru_parsed\2025_佛环03环审〔2025〕369号佛山市生态环境局关于佛山市顺德区杰润五金塑料有限公司容桂街道容奇大道以南、华基路以西地块新建项目建设项目环境影响报告表的批复\approval.md,DA001
APPROVAL_02151,佛山市顺德区杰润五金塑料有限公司,佛山市顺德区杰润五金塑料有限公司容桂街道容奇大道以南、 华基路以西地块新建项目建设项目,DA002,invalid_standard_code,E:\软件\approval_mineru_parsed\2025_佛环03环审〔2025〕369号佛山市生态环境局关于佛山市顺德区杰润五金塑料有限公司容桂街道容奇大道以南、华基路以西地块新建项目建设项目环境影响报告表的批复\approval.md,DA002
APPROVAL_02151,佛山市顺德区杰润五金塑料有限公司,佛山市顺德区杰润五金塑料有限公司容桂街道容奇大道以南、 华基路以西地块新建项目建设项目,DA003,invalid_standard_code,E:\软件\approval_mineru_parsed\2025_佛环03环审〔2025〕369号佛山市生态环境局关于佛山市顺德区杰润五金塑料有限公司容桂街道容奇大道以南、华基路以西地块新建项目建设项目环境影响报告表的批复\approval.md,DA003
APPROVAL_02154,广东欧亚宝拉链服装配件有限公司,广东欧亚 宝拉链服装配件有限公司改扩建项目建设项目,DA001,invalid_standard_code,E:\软件\approval_mineru_parsed\2025_佛环03环审〔2025〕372号佛山市生态环境局关于广东欧亚宝拉链服装配件有限公司改扩建项目建设项目环境影响报告表的批复\approval.md,DA001
APPROVAL_02154,广东欧亚宝拉链服装配件有限公司,广东欧亚 宝拉链服装配件有限公司改扩建项目建设项目,DA002,invalid_standard_code,E:\软件\approval_mineru_parsed\2025_佛环03环审〔2025〕372号佛山市生态环境局关于广东欧亚宝拉链服装配件有限公司改扩建项目建设项目环境影响报告表的批复\approval.md,DA002
APPROVAL_02155,佛山市顺德区骏雄包装材料有限公司,佛山市顺 德区骏雄包装材料有限公司新建项目建设项目,G1,invalid_standard_code,E:\软件\approval_mineru_parsed\2025_佛环03环审〔2025〕373号佛山市生态环境局关于佛山市顺德区骏雄包装材料有限公司新建项目建设项目环境影响报告表的批复\approval.md,G1
APPROVAL_02155,佛山市顺德区骏雄包装材料有限公司,佛山市顺 德区骏雄包装材料有限公司新建项目建设项目,G2,invalid_standard_code,E:\软件\approval_mineru_parsed\2025_佛环03环审〔2025〕373号佛山市生态环境局关于佛山市顺德区骏雄包装材料有限公司新建项目建设项目环境影响报告表的批复\approval.md,G2
APPROVAL_02155,佛山市顺德区骏雄包装材料有限公司,佛山市顺 德区骏雄包装材料有限公司新建项目建设项目,G3,invalid_standard_code,E:\软件\approval_mineru_parsed\2025_佛环03环审〔2025〕373号佛山市生态环境局关于佛山市顺德区骏雄包装材料有限公司新建项目建设项目环境影响报告表的批复\approval.md,G3
APPROVAL_02159,佛山市顺德区本立电器科技有限公司,佛山市顺德区本立电器 科技有限公司迁扩建项目,DA001,invalid_standard_code,E:\软件\approval_mineru_parsed\2025_佛环03环审〔2025〕377号佛山市生态环境局关于佛山市顺德区本立电器科技有限公司迁扩建项目建设项目环境影响报告表的批复\approval.md,DA001
APPROVAL_02159,佛山市顺德区本立电器科技有限公司,佛山市顺德区本立电器 科技有限公司迁扩建项目,DA002,invalid_standard_code,E:\软件\approval_mineru_parsed\2025_佛环03环审〔2025〕377号佛山市生态环境局关于佛山市顺德区本立电器科技有限公司迁扩建项目建设项目环境影响报告表的批复\approval.md,DA002
APPROVAL_02164,广东满天红新能源股份有限公司,广东满 天红新能源股份有限公司新建项目建设项目,DA001,invalid_standard_code,E:\软件\approval_mineru_parsed\2025_佛环03环审〔2025〕381号佛山市生态环境局关于广东满天红新能源股份有限公司新建项目建设项目环境影响报告表的批复\approval.md,DA001
APPROVAL_02166,广东佑耀云仓供应链有限公司,广 东佑耀云仓供应链有限公司公辅工程新建项目,DA001,invalid_standard_code,E:\软件\approval_mineru_parsed\2025_佛环03环审〔2025〕39号\approval.md,DA001
APPROVAL_02166,广东佑耀云仓供应链有限公司,广 东佑耀云仓供应链有限公司公辅工程新建项目,DA007,invalid_standard_code,E:\软件\approval_mineru_parsed\2025_佛环03环审〔2025〕39号\approval.md,DA007
APPROVAL_02166,广东佑耀云仓供应链有限公司,广 东佑耀云仓供应链有限公司公辅工程新建项目,DA001,invalid_standard_code,E:\软件\approval_mineru_parsed\2025_佛环03环审〔2025〕39号\approval.md,DA001
APPROVAL_02170,佛山市顺德区钧锐塑料厂,佛山市顺 德区钧锐塑料厂迁建项目建设项目,DA001,invalid_standard_code,E:\软件\approval_mineru_parsed\2025_佛环03环审〔2025〕44号\approval.md,DA001
APPROVAL_02170,佛山市顺德区钧锐塑料厂,佛山市顺 德区钧锐塑料厂迁建项目建设项目,DA002,invalid_standard_code,E:\软件\approval_mineru_parsed\2025_佛环03环审〔2025〕44号\approval.md,DA002
APPROVAL_02171,佛山市颐畅智能科技有限公司,佛山市颐畅智能科技 有限公司迁扩建项目,DA001,invalid_standard_code,E:\软件\approval_mineru_parsed\2025_佛环03环审〔2025〕45号\approval.md,DA001
APPROVAL_02171,佛山市颐畅智能科技有限公司,佛山市颐畅智能科技 有限公司迁扩建项目,DA002,invalid_standard_code,E:\软件\approval_mineru_parsed\2025_佛环03环审〔2025〕45号\approval.md,DA002
APPROVAL_02171,佛山市颐畅智能科技有限公司,佛山市颐畅智能科技 有限公司迁扩建项目,GB41616—4,invalid_standard_code,E:\软件\approval_mineru_parsed\2025_佛环03环审〔2025〕45号\approval.md,GB41616-4
APPROVAL_02179,佛山市宏钇科技有限公司,佛 山市宏钇科技有限公司新建项目建设项目,G1,invalid_standard_code,E:\软件\approval_mineru_parsed\2025_佛环03环审〔2025〕52号\approval.md,G1
APPROVAL_02179,佛山市宏钇科技有限公司,佛 山市宏钇科技有限公司新建项目建设项目,G2,invalid_standard_code,E:\软件\approval_mineru_parsed\2025_佛环03环审〔2025〕52号\approval.md,G2
APPROVAL_02180,广东正力精密机械有限公司,广 东正力精密机械有限公司技改项目建设项目,G5,invalid_standard_code,E:\软件\approval_mineru_parsed\2025_佛环03环审〔2025〕53号\approval.md,G5
APPROVAL_02183,达锋盛（佛山市）五金塑胶制品有限公司,达锋盛（佛山市）五金 塑胶制品有限公司新建项目,DA001,invalid_standard_code,E:\软件\approval_mineru_parsed\2025_佛环03环审〔2025〕59号\approval.md,DA001
APPROVAL_02183,达锋盛（佛山市）五金塑胶制品有限公司,达锋盛（佛山市）五金 塑胶制品有限公司新建项目,DA002,invalid_standard_code,E:\软件\approval_mineru_parsed\2025_佛环03环审〔2025〕59号\approval.md,DA002
APPROVAL_02189,广东维诺电器有限公司,广东维 诺电器有限公司迁扩建项目建设项目,DA001,invalid_standard_code,E:\软件\approval_mineru_parsed\2025_佛环03环审〔2025〕64号\approval.md,DA001
APPROVAL_02194,佛山市金拓艺金属有限公司,佛山市金 拓艺金属有限公司改扩建项目建设项目,G1,invalid_standard_code,E:\软件\approval_mineru_parsed\2025_佛环03环审〔2025〕69号\approval.md,G1
APPROVAL_02194,佛山市金拓艺金属有限公司,佛山市金 拓艺金属有限公司改扩建项目建设项目,G2,invalid_standard_code,E:\软件\approval_mineru_parsed\2025_佛环03环审〔2025〕69号\approval.md,G2
APPROVAL_02208,赛威工业减速机（佛山）有限公司,赛 威工业减速机（佛山）有限公司华南制造基地项目（一期）新建 项目建设项目,DA003,invalid_standard_code,E:\软件\approval_mineru_parsed\2025_佛环03环审〔2025〕81号\approval.md,DA003
APPROVAL_02208,赛威工业减速机（佛山）有限公司,赛 威工业减速机（佛山）有限公司华南制造基地项目（一期）新建 项目建设项目,DA005,invalid_standard_code,E:\软件\approval_mineru_parsed\2025_佛环03环审〔2025〕81号\approval.md,DA005
APPROVAL_02209,广东益合威金属制品有限公司,广东 益合威金属制品有限公司新建项目建设项目,DA001,invalid_standard_code,E:\软件\approval_mineru_parsed\2025_佛环03环审〔2025〕82号\approval.md,DA001
APPROVAL_02209,广东益合威金属制品有限公司,广东 益合威金属制品有限公司新建项目建设项目,DA002,invalid_standard_code,E:\软件\approval_mineru_parsed\2025_佛环03环审〔2025〕82号\approval.md,DA002
APPROVAL_02223,佛山市顺味十足饮料有限公司,佛山市顺 味十足饮料有限公司新建项目建设项目,DA001,invalid_standard_code,E:\软件\approval_mineru_parsed\2025_佛环03环审〔2025〕96号\approval.md,DA001
APPROVAL_02223,佛山市顺味十足饮料有限公司,佛山市顺 味十足饮料有限公司新建项目建设项目,DA002,invalid_standard_code,E:\软件\approval_mineru_parsed\2025_佛环03环审〔2025〕96号\approval.md,DA002
APPROVAL_02229,佛山市大为科技有限公司,佛山市大为科技有限公司新型新能源电池集流体材料生产 建设项目建设项目,DA001,invalid_standard_code,E:\软件\approval_mineru_parsed\2025_环审〔2025〕281号佛山市生态环境局关于佛山市大为科技有限公司新型新能源电池集流体材料生产建设项目建设项目环境影响报告表的批复\approval.md,DA001
APPROVAL_02231,广东顺德申航电器有限公司,广东顺 德申航电器有限公司新建项目建设项目,DA001,invalid_standard_code,E:\软件\approval_mineru_parsed\2026_佛山市生态环境局关于佛山市亿才塑料制品有限公司迁扩建项目建设项目环境影响报告表的批复\approval.md,DA001
APPROVAL_02234,顺德区容桂华塑五金塑料制品厂,顺德区 容桂华塑五金塑料制品厂搬迁项目建设项目,DA001,invalid_standard_code,E:\软件\approval_mineru_parsed\2026_佛山市生态环境局关于佛山市壹封塑料制品有限公司迁改扩建项目建设项目环境影响报告表的批复\approval.md,DA001
APPROVAL_02236,佛山市锦延宁塑料制品有限公司,佛山市 锦延宁塑料制品有限公司新建项目建设项目,DA001,invalid_standard_code,E:\软件\approval_mineru_parsed\2026_佛山市生态环境局关于佛山市旭泰固林塑料制品有限公司新建项目建设项环境影响报告表的批复\approval.md,DA001
APPROVAL_02237,佛山市博乾电器有限公司,佛山市 博乾电器有限公司迁扩建项目建设项目,DA001,invalid_standard_code,E:\软件\approval_mineru_parsed\2026_佛山市生态环境局关于佛山市锦延宁塑料制品有限公司新建项目建设项目环境影响报告表的批复\approval.md,DA001
APPROVAL_02240,佛山市顺德区恒熙新材料科技有限公司,佛山市顺德区恒熙 新材料科技有限公司新建项目,DA001,invalid_standard_code,E:\软件\approval_mineru_parsed\2026_佛山市生态环境局关于佛山市顺德区恒熙新材料科技有限公司新建项目建设项目环境影响报告表的批复\approval.md,DA001
APPROVAL_02250,广东三睦科技有限公司,广东三 睦科技有限公司新建项目建设项目,DA001,invalid_standard_code,E:\软件\approval_mineru_parsed\2026_佛山市生态环境局关于广东三睦科技有限公司新建项目建设项目环境影响报告表的批复\approval.md,DA001
APPROVAL_02251,佛山市亿才塑料制品有限公司,佛山市亿才塑料制品 有限公司迁扩建项目,DA001,invalid_standard_code,E:\软件\approval_mineru_parsed\2026_佛山市生态环境局关于顺德区容桂华塑五金塑料制品厂搬迁项目建设项目环境影响报告表的批复\approval.md,DA001
APPROVAL_02252,佛山市星舰智能装备有限公司,佛山市星舰智能装备 有限公司新建项目,DA001,invalid_standard_code,E:\软件\approval_mineru_parsed\2026_佛环0303环审[2026]4号（佛山市生态环境局关于佛山市星舰智能装备有限公司新建项目（重新报批）建设项目环境影响报告表的批复）\approval.md,DA001
APPROVAL_02252,佛山市星舰智能装备有限公司,佛山市星舰智能装备 有限公司新建项目,DA002,invalid_standard_code,E:\软件\approval_mineru_parsed\2026_佛环0303环审[2026]4号（佛山市生态环境局关于佛山市星舰智能装备有限公司新建项目（重新报批）建设项目环境影响报告表的批复）\approval.md,DA002
APPROVAL_02265,佛山市顺德区森晖莹新材料有限公司,佛山市顺 德区森晖莹新材料有限公司新建项目建设项目,G1,invalid_standard_code,E:\软件\approval_mineru_parsed\2026_佛环03环审〔2025〕385号佛山市生态环境局关于佛山市顺德区森晖莹新材料有限公司新建项目建设项目环境影响报告表的批复\approval.md,G1
APPROVAL_02265,佛山市顺德区森晖莹新材料有限公司,佛山市顺 德区森晖莹新材料有限公司新建项目建设项目,DA001,invalid_standard_code,E:\软件\approval_mineru_parsed\2026_佛环03环审〔2025〕385号佛山市生态环境局关于佛山市顺德区森晖莹新材料有限公司新建项目建设项目环境影响报告表的批复\approval.md,DA001
APPROVAL_02280,佛山市顺德区巴德富实业有限公司,佛 山市顺德区巴德富实业有限公司顺德研发基地新建项目建设项目,DA001,invalid_standard_code,E:\软件\approval_mineru_parsed\2026_佛环03环审〔2026〕106号佛山市生态环境局关于佛山市顺德区巴德富实业有限公司顺德研发基地新建项目建设项目环境影响报告表的批复\approval.md,DA001
APPROVAL_02280,佛山市顺德区巴德富实业有限公司,佛 山市顺德区巴德富实业有限公司顺德研发基地新建项目建设项目,DA002,invalid_standard_code,E:\软件\approval_mineru_parsed\2026_佛环03环审〔2026〕106号佛山市生态环境局关于佛山市顺德区巴德富实业有限公司顺德研发基地新建项目建设项目环境影响报告表的批复\approval.md,DA002
APPROVAL_02283,佛山市博帆过滤设备有限公司,佛山市博 帆过滤设备有限公司新建项目建设项目,GB—3,invalid_standard_code,E:\软件\approval_mineru_parsed\2026_佛环03环审〔2026〕109号佛山市生态环境局关于佛山市博帆过滤设备有限公司新建项目建设项目环境影响报告表的批复\approval.md,GB-3
APPROVAL_02285,佛山市顺德区森晖莹新材料有限公司,佛山市顺德区森晖莹 新材料有限公司新建项目,DA001,invalid_standard_code,E:\软件\approval_mineru_parsed\2026_佛环03环审〔2026〕110号佛山市生态环境局关于佛山市顺德区森晖莹新材料有限公司新建项目重新报批建设项目环境影响报告表的批复\approval.md,DA001
APPROVAL_02292,广东图特精密五金科技股份有限公司,广东图特精密五金科技 股份有限公司改扩建项目,G6,invalid_standard_code,E:\软件\approval_mineru_parsed\2026_佛环03环审〔2026〕117号佛山市生态环境局关于广东图特精密五金科技股份有限公司改扩建项目建设项目环境影响报告表的批复\approval.md,G6
APPROVAL_02292,广东图特精密五金科技股份有限公司,广东图特精密五金科技 股份有限公司改扩建项目,G5,invalid_standard_code,E:\软件\approval_mineru_parsed\2026_佛环03环审〔2026〕117号佛山市生态环境局关于广东图特精密五金科技股份有限公司改扩建项目建设项目环境影响报告表的批复\approval.md,G5
APPROVAL_02293,佛山市顺德区汉荣塑料制品厂,佛山 市顺德区汉荣塑料制品厂搬迁项目建设项目,GB31572—3,invalid_standard_code,E:\软件\approval_mineru_parsed\2026_佛环03环审〔2026〕118号佛山市生态环境局关于佛山市顺德区汉荣塑料制品厂搬迁项目建设项目环境影响报告表的批复\approval.md,GB31572-3
APPROVAL_02294,佛山市新雷风金属科技有限公司,佛山市 新雷风金属科技有限公司新建项目建设项目,DA001,invalid_standard_code,E:\软件\approval_mineru_parsed\2026_佛环03环审〔2026〕119号佛山市生态环境局关于佛山市新雷风金属科技有限公司新建项目建设项目环境影响报告表的批复\approval.md,DA001
APPROVAL_02296,佛山市顺德区顺泰食品厂有限公司,佛山市顺德区顺泰食品 厂有限公司扩建项目,DA002,invalid_standard_code,E:\软件\approval_mineru_parsed\2026_佛环03环审〔2026〕120号佛山市生态环境局关于佛山市顺德区顺泰食品厂有限公司扩建项目建设项目环境影响报告表的批复\approval.md,DA002
APPROVAL_02301,佛山市彩特新材料有限公司,佛山市彩 特新材料有限公司新建项目建设项目,GB31572—3,invalid_standard_code,E:\软件\approval_mineru_parsed\2026_佛环03环审〔2026〕125号佛山市生态环境局关于佛山市彩特新材料有限公司新建项目建设项目环境影响报告表的批复\approval.md,GB31572-3
APPROVAL_02303,佛山孚硅科技有限公司,佛 山孚硅科技有限公司新建项目建设项目,DA001,invalid_standard_code,E:\软件\approval_mineru_parsed\2026_佛环03环审〔2026〕127号佛山市生态环境局关于佛山孚硅科技有限公司新建项目建设项目环境影响报告表的批复\approval.md,DA001
APPROVAL_02304,佛山市奥特龙电器科技有限公司,佛山市 奥特龙电器科技有限公司新建项目建设项目,DA001,invalid_standard_code,E:\软件\approval_mineru_parsed\2026_佛环03环审〔2026〕128号佛山市生态环境局关于佛山市奥特龙电器科技有限公司新建项目建设项目环境影响报告表的批复\approval.md,DA001
APPROVAL_02304,佛山市奥特龙电器科技有限公司,佛山市 奥特龙电器科技有限公司新建项目建设项目,DA002,invalid_standard_code,E:\软件\approval_mineru_parsed\2026_佛环03环审〔2026〕128号佛山市生态环境局关于佛山市奥特龙电器科技有限公司新建项目建设项目环境影响报告表的批复\approval.md,DA002
APPROVAL_02304,佛山市奥特龙电器科技有限公司,佛山市 奥特龙电器科技有限公司新建项目建设项目,DA003,invalid_standard_code,E:\软件\approval_mineru_parsed\2026_佛环03环审〔2026〕128号佛山市生态环境局关于佛山市奥特龙电器科技有限公司新建项目建设项目环境影响报告表的批复\approval.md,DA003
APPROVAL_02304,佛山市奥特龙电器科技有限公司,佛山市 奥特龙电器科技有限公司新建项目建设项目,DA004,invalid_standard_code,E:\软件\approval_mineru_parsed\2026_佛环03环审〔2026〕128号佛山市生态环境局关于佛山市奥特龙电器科技有限公司新建项目建设项目环境影响报告表的批复\approval.md,DA004
APPROVAL_02304,佛山市奥特龙电器科技有限公司,佛山市 奥特龙电器科技有限公司新建项目建设项目,DA005,invalid_standard_code,E:\软件\approval_mineru_parsed\2026_佛环03环审〔2026〕128号佛山市生态环境局关于佛山市奥特龙电器科技有限公司新建项目建设项目环境影响报告表的批复\approval.md,DA005
APPROVAL_02304,佛山市奥特龙电器科技有限公司,佛山市 奥特龙电器科技有限公司新建项目建设项目,DA006,invalid_standard_code,E:\软件\approval_mineru_parsed\2026_佛环03环审〔2026〕128号佛山市生态环境局关于佛山市奥特龙电器科技有限公司新建项目建设项目环境影响报告表的批复\approval.md,DA006
APPROVAL_02304,佛山市奥特龙电器科技有限公司,佛山市 奥特龙电器科技有限公司新建项目建设项目,DA007,invalid_standard_code,E:\软件\approval_mineru_parsed\2026_佛环03环审〔2026〕128号佛山市生态环境局关于佛山市奥特龙电器科技有限公司新建项目建设项目环境影响报告表的批复\approval.md,DA007
APPROVAL_02317,驰化科技（佛山）有限公司,驰 化科技（佛山）有限公司新建项目建设项目,G5,invalid_standard_code,E:\软件\approval_mineru_parsed\2026_佛环03环审〔2026〕15号佛山市生态环境局关于驰化科技（佛山）有限公司新建项目建设项目环境影响报告表的批复\approval.md,G5
APPROVAL_02317,驰化科技（佛山）有限公司,驰 化科技（佛山）有限公司新建项目建设项目,G15,invalid_standard_code,E:\软件\approval_mineru_parsed\2026_佛环03环审〔2026〕15号佛山市生态环境局关于驰化科技（佛山）有限公司新建项目建设项目环境影响报告表的批复\approval.md,G15
APPROVAL_02319,佛山市顺德区威固星硅胶有限公司,佛 山市顺德区威固星硅胶有限公司（伦教厂区）新建项目建设项目,GB—3,invalid_standard_code,E:\软件\approval_mineru_parsed\2026_佛环03环审〔2026〕17号佛山市生态环境局关于佛山市顺德区威固星硅胶有限公司（伦教厂区）新建项目建设项目环境影响报告表的批复\approval.md,GB-3
APPROVAL_02323,佛山市同雅亚克力科技有限公司,佛山市同雅亚克力科技 有限公司迁改扩建项目,DA001,invalid_standard_code,E:\软件\approval_mineru_parsed\2026_佛环03环审〔2026〕21号佛山市生态环境局关于佛山市同雅亚克力科技有限公司迁改扩建项目建设项目环境影响报告表的批复\approval.md,DA001
APPROVAL_02323,佛山市同雅亚克力科技有限公司,佛山市同雅亚克力科技 有限公司迁改扩建项目,DA002,invalid_standard_code,E:\软件\approval_mineru_parsed\2026_佛环03环审〔2026〕21号佛山市生态环境局关于佛山市同雅亚克力科技有限公司迁改扩建项目建设项目环境影响报告表的批复\approval.md,DA002
APPROVAL_02326,佛山市凌盛精密科技有限公司,佛山 市凌盛精密科技有限公司新建项目建设项目,DA001,invalid_standard_code,E:\软件\approval_mineru_parsed\2026_佛环03环审〔2026〕24号佛山市生态环境局关于佛山市凌盛精密科技有限公司新建项目建设项目环境影响报告表的批复\approval.md,DA001
APPROVAL_02326,佛山市凌盛精密科技有限公司,佛山 市凌盛精密科技有限公司新建项目建设项目,DA002,invalid_standard_code,E:\软件\approval_mineru_parsed\2026_佛环03环审〔2026〕24号佛山市生态环境局关于佛山市凌盛精密科技有限公司新建项目建设项目环境影响报告表的批复\approval.md,DA002
APPROVAL_02337,佛山市盈特金属制品有限公司,佛山市盈特金属制品 有限公司改扩建重新报批项目,G7,invalid_standard_code,E:\软件\approval_mineru_parsed\2026_佛环03环审〔2026〕35号佛山市生态环境局关于佛山市盈特金属制品有限公司改扩建重新报批项目建设项目环境影响报告表的批复\approval.md,G7
APPROVAL_02361,佛山市驰勇达运动器材有限公司,佛山 市驰勇达运动器材有限公司新建项目建设项目,GB—3,invalid_standard_code,E:\软件\approval_mineru_parsed\2026_佛环03环审〔2026〕58号佛山市生态环境局关于佛山市驰勇达运动器材有限公司新建项目建设项目环境影响报告表的批复\approval.md,GB-3
APPROVAL_02362,广东日出东方空气能有限公司,广 东日出东方空气能有限公司年产60万套空气能热水器及热水系统 技改项目建设项目,DA001,invalid_standard_code,E:\软件\approval_mineru_parsed\2026_佛环03环审〔2026〕59号佛山市生态环境局关于广东日出东方空气能有限公司年产60万套空气能热水器及热水系统技改项目建设项目环境影响报告表的批复\approval.md,DA001
APPROVAL_02363,佛山拓球明新科技有限公司,佛山拓球 明新科技有限公司改扩建项目建设项目,DA001,invalid_standard_code,E:\软件\approval_mineru_parsed\2026_佛环03环审〔2026〕5号佛山市生态环境局关于佛山拓球明新科技有限公司改扩建项目建设项目环境影响报告表的批复\approval.md,DA001
APPROVAL_02363,佛山拓球明新科技有限公司,佛山拓球 明新科技有限公司改扩建项目建设项目,DA002,invalid_standard_code,E:\软件\approval_mineru_parsed\2026_佛环03环审〔2026〕5号佛山市生态环境局关于佛山拓球明新科技有限公司改扩建项目建设项目环境影响报告表的批复\approval.md,DA002
APPROVAL_02363,佛山拓球明新科技有限公司,佛山拓球 明新科技有限公司改扩建项目建设项目,DA003,invalid_standard_code,E:\软件\approval_mineru_parsed\2026_佛环03环审〔2026〕5号佛山市生态环境局关于佛山拓球明新科技有限公司改扩建项目建设项目环境影响报告表的批复\approval.md,DA003
APPROVAL_02364,佛山大头马泵科技有限公司,佛山大 头马泵科技有限公司新建项目建设项目,DA001,invalid_standard_code,E:\软件\approval_mineru_parsed\2026_佛环03环审〔2026〕60号佛山市生态环境局关于佛山大头马泵科技有限公司新建项目建设项目环境影响报告表的批复\approval.md,DA001
APPROVAL_02364,佛山大头马泵科技有限公司,佛山大 头马泵科技有限公司新建项目建设项目,DA002,invalid_standard_code,E:\软件\approval_mineru_parsed\2026_佛环03环审〔2026〕60号佛山市生态环境局关于佛山大头马泵科技有限公司新建项目建设项目环境影响报告表的批复\approval.md,DA002
APPROVAL_02365,佛山市顺德区韩壹纤维有限公司,佛山 市顺德区韩壹纤维有限公司技改项目建设项目,DA003,invalid_standard_code,E:\软件\approval_mineru_parsed\2026_佛环03环审〔2026〕61号佛山市生态环境局关于佛山市顺德区韩壹纤维有限公司技改项目建设项目环境影响报告表的批复\approval.md,DA003
APPROVAL_02365,佛山市顺德区韩壹纤维有限公司,佛山 市顺德区韩壹纤维有限公司技改项目建设项目,DA004,invalid_standard_code,E:\软件\approval_mineru_parsed\2026_佛环03环审〔2026〕61号佛山市生态环境局关于佛山市顺德区韩壹纤维有限公司技改项目建设项目环境影响报告表的批复\approval.md,DA004
APPROVAL_02367,广东凌凌沃包装科技有限公司佛山一分公司,广东凌凌沃包装科技有限公司佛山一分公司迁扩建项目建设项 目,G2,invalid_standard_code,E:\软件\approval_mineru_parsed\2026_佛环03环审〔2026〕63号佛山市生态环境局关于广东凌凌沃包装科技有限公司佛山一分公司迁扩建项目建设项目环境影响报告表的批复\approval.md,G2
APPROVAL_02367,广东凌凌沃包装科技有限公司佛山一分公司,广东凌凌沃包装科技有限公司佛山一分公司迁扩建项目建设项 目,DA001,invalid_standard_code,E:\软件\approval_mineru_parsed\2026_佛环03环审〔2026〕63号佛山市生态环境局关于广东凌凌沃包装科技有限公司佛山一分公司迁扩建项目建设项目环境影响报告表的批复\approval.md,DA001
APPROVAL_02371,佛山市明昇真空科技有限公司,佛山市明 昇真空科技有限公司新建项目建设项目,DA001,invalid_standard_code,E:\软件\approval_mineru_parsed\2026_佛环03环审〔2026〕67号佛山市生态环境局关于佛山市明昇真空科技有限公司新建项目建设项目环境影响报告表的批复\approval.md,DA001
APPROVAL_02372,佛山科瑞斯家居制品有限公司,佛山科瑞斯家居制品 有限公司迁改扩建项目,DA001,invalid_standard_code,E:\软件\approval_mineru_parsed\2026_佛环03环审〔2026〕68号佛山市生态环境局关于佛山科瑞斯家居制品有限公司迁改扩建项目建设项目环境影响报告表的批复\approval.md,DA001
APPROVAL_02372,佛山科瑞斯家居制品有限公司,佛山科瑞斯家居制品 有限公司迁改扩建项目,DA002,invalid_standard_code,E:\软件\approval_mineru_parsed\2026_佛环03环审〔2026〕68号佛山市生态环境局关于佛山科瑞斯家居制品有限公司迁改扩建项目建设项目环境影响报告表的批复\approval.md,DA002
APPROVAL_02383,佛山市辉众保温材料有限公司,佛山市 辉众保温材料有限公司新建项目建设项目,GB14554—3,invalid_standard_code,E:\软件\approval_mineru_parsed\2026_佛环03环审〔2026〕78号佛山市生态环境局关于佛山市辉众保温材料有限公司新建项目建设项目环境影响报告表的批复\approval.md,GB14554-3
APPROVAL_02384,广东万家乐燃气具有限公司,广东 万家乐燃气具有限公司改扩建项目建设项目,DA020,invalid_standard_code,E:\软件\approval_mineru_parsed\2026_佛环03环审〔2026〕79号佛山市生态环境局关于广东万家乐燃气具有限公司改扩建项目建设项目环境影响报告表的批复\approval.md,DA020
APPROVAL_02392,佛山市顺德区朗艺五金有限公司,佛山市 顺德区朗艺五金有限公司新建项目建设项目,DA001,invalid_standard_code,E:\软件\approval_mineru_parsed\2026_佛环03环审〔2026〕86号佛山市生态环境局关于佛山市顺德区朗艺五金有限公司新建项目建设项目环境影响报告表的批复\approval.md,DA001
APPROVAL_02392,佛山市顺德区朗艺五金有限公司,佛山市 顺德区朗艺五金有限公司新建项目建设项目,DA002,invalid_standard_code,E:\软件\approval_mineru_parsed\2026_佛环03环审〔2026〕86号佛山市生态环境局关于佛山市顺德区朗艺五金有限公司新建项目建设项目环境影响报告表的批复\approval.md,DA002
APPROVAL_02395,佛山市贵旗五金制品有限公司,佛山 市贵旗五金制品有限公司新建项目建设项目,DA001,invalid_standard_code,E:\软件\approval_mineru_parsed\2026_佛环03环审〔2026〕89号佛山市生态环境局关于佛山市贵旗五金制品有限公司新建项目建设项目环境影响报告表的批复\approval.md,DA001
APPROVAL_02395,佛山市贵旗五金制品有限公司,佛山 市贵旗五金制品有限公司新建项目建设项目,DA002,invalid_standard_code,E:\软件\approval_mineru_parsed\2026_佛环03环审〔2026〕89号佛山市生态环境局关于佛山市贵旗五金制品有限公司新建项目建设项目环境影响报告表的批复\approval.md,DA002
APPROVAL_02401,广东乐菱精密科技股份有限公司,广东乐 菱精密科技股份有限公司迁扩建项目建设项目,DA001,invalid_standard_code,E:\软件\approval_mineru_parsed\2026_佛环03环审〔2026〕94号佛山市生态环境局关于广东乐菱精密科技股份有限公司迁扩建项目建设项目环境影响报告表的批复\approval.md,DA001
APPROVAL_02401,广东乐菱精密科技股份有限公司,广东乐 菱精密科技股份有限公司迁扩建项目建设项目,DA002,invalid_standard_code,E:\软件\approval_mineru_parsed\2026_佛环03环审〔2026〕94号佛山市生态环境局关于广东乐菱精密科技股份有限公司迁扩建项目建设项目环境影响报告表的批复\approval.md,DA002
APPROVAL_02401,广东乐菱精密科技股份有限公司,广东乐 菱精密科技股份有限公司迁扩建项目建设项目,DA003,invalid_standard_code,E:\软件\approval_mineru_parsed\2026_佛环03环审〔2026〕94号佛山市生态环境局关于广东乐菱精密科技股份有限公司迁扩建项目建设项目环境影响报告表的批复\approval.md,DA003
APPROVAL_02403,广东美的厨房电器制造有限公司,广 东美的厨房电器制造有限公司顺德第三分厂扩建项目重新报批建 设项目,G6,invalid_standard_code,E:\软件\approval_mineru_parsed\2026_佛环03环审〔2026〕96号佛山市生态环境局关于广东美的厨房电器制造有限公司顺德第三分厂扩建项目重新报批建设项目环境影响报告表的批复\approval.md,G6
