pdf_file_name,match_score,md_path,md_folder,detected_type,company_guess,doc_no_guess,text_valid,md_text_preview
2021_佛山市生态环境局关于佛山市顺德朗格森生物能源科技有限公司新建项目环境影响报告表的批复.pdf,80,E:\软件\mineru_extracted\2024_2024年8月29日建设项目环境影响报告书（表）受理公告（龙江）_3_mineru\full.md,2024_2024年8月29日建设项目环境影响报告书（表）受理公告（龙江）_3_mineru,unknown,佛山市顺德朗格森生物能源科技有限公司,,False,"# 建设项目环境影响报告表

（污染影响类）

项目名称：佛山市顺德朗格森生物能源科技有限公司重新报批项目

![](images/cc5e2d501e2589bb3b5bf7b034d6842a8bb00c8b08d64872946c7d1e7e0e7c4d.jpg)  
韩山际顺德明征养生体成种技有 编制日 1onc04200tl

建设单盖章佛山市顺德朗格森生物能源科技有限公司

编制日期："
2021_佛环0304环审【2021】第0110号 佛山市生态环境局关于广东新宝电器股份有限公司9B厂区新建项目环境影响报告表的批复.pdf,80,E:\软件\mineru_extracted\2024_2024年10月25日建设项目环境影响报告书（表）受理公告（佛山市生态环境局顺德分局）_6_mineru\full.md,2024_2024年10月25日建设项目环境影响报告书（表）受理公告（佛山市生态环境局顺德分局）_6_mineru,unknown,广东新宝电器股份有限公司9B厂区,佛环0304环审【2021】第0110号,False,"# 项目环境影响报

（污染影响类）

项目名称：广东 限公司5-1号地块

新 间项目

建设单位（盖章）：广东新宝电器股份有限公司

称：广东 2024年8月

中华人 境部制

![](images/5a2c198f0851cf5f9369df77a652baddc96e93292050c36ce9425991f1431fb1.jpg)

![](images/418f988863db8a7"
2021_佛环0304环审【2021】第0138号 佛山市生态环境局关于广东小熊精品电器有限公司新建智能小家电制造基地（二期）项目环境影响报告表的批复.pdf,80,E:\软件\mineru_extracted\2024_2024年9月14日建设项目环境影响报告书（表）受理公告（佛山市生态环境局顺德分局）_1_mineru\full.md,2024_2024年9月14日建设项目环境影响报告书（表）受理公告（佛山市生态环境局顺德分局）_1_mineru,unknown,广东小熊精品电器有限公司,佛环0304环审【2021】第0138号,False,"# 建设项目环境影响报告表

# （污染影响类）

# 项目名称：广东小熊精品电器有限公司新建智能小家电制造基地（二期）项国重新报批

建设单位（盖章）：广东小熊精品电器有限公司

编制日期：2024年6月

中华人民共和国态环境部制

![](images/27e06e77f92e779eb38cf096f405867298dd687629c5e1f95fe3caf7c1376384.jpg) "
2021_佛环0304环审【2021】第0148号 佛山市生态环境局关于广东新宝电器股份有限公司E区第二次改扩建项目环境影响报告表的批复.pdf,80,E:\软件\mineru_extracted\2024_2024年10月25日建设项目环境影响报告书（表）受理公告（佛山市生态环境局顺德分局）_6_mineru\full.md,2024_2024年10月25日建设项目环境影响报告书（表）受理公告（佛山市生态环境局顺德分局）_6_mineru,unknown,广东新宝电器股份有限公司E区第二次改,佛环0304环审【2021】第0148号,False,"# 项目环境影响报

（污染影响类）

项目名称：广东 限公司5-1号地块

新 间项目

建设单位（盖章）：广东新宝电器股份有限公司

称：广东 2024年8月

中华人 境部制

![](images/5a2c198f0851cf5f9369df77a652baddc96e93292050c36ce9425991f1431fb1.jpg)

![](images/418f988863db8a7"
2021_佛环0304环审【2021】第0167号  佛山市生态环境局关于佛山市智枞电器制造有限公司新建项目环境影响报告表的批复.pdf,80,E:\软件\mineru_extracted\2024_2024年7月4日建设项目环境影响报告书（表）受理公告（佛山市生态环境局顺德分局）_2_mineru\full.md,2024_2024年7月4日建设项目环境影响报告书（表）受理公告（佛山市生态环境局顺德分局）_2_mineru,unknown,佛山市智枞电器制造有限公司,佛环0304环审【2021】第0167号,False,"# 建设项目环境影响报告表

（污染影响类）

![](images/5f948832cc5e6fa59574216ee81c0f3b956b28b204a889010a3ed2e86ea2ee35.jpg)  
电器制造有限公

项目名称：佛山市智枞电器制造有限公司扩建项目

建设单位（盖章）：佛山市智枞电器制造有限公司

编制日期：2024年3月

中华人民共和国生态环境部制

![](ima"
2021_关于广东美的厨房电器制造有限公司马龙厂区年产发热管150万件扩建项目环境影响报告表的批复.pdf,80,E:\软件\mineru_extracted\2024_2024年8月8日建设项目环境影响报告书（表）受理公告（佛山市生态环境局顺德分局）_1_mineru\full.md,2024_2024年8月8日建设项目环境影响报告书（表）受理公告（佛山市生态环境局顺德分局）_1_mineru,unknown,广东美的厨房电器制造有限公司马龙厂区年产发热管150万件,,False,"# 建设项目环境影响报告表

（污染影响类）

项目名称：广东美的厨房电器制造有限公司顺德第三分厂扩建项

建设单位（盖章）：广东美的厨房电器制造有限公司

![](images/5d957d0ba444e18d23d67bf1e6530313251f5bd48558eb7daa8caf2c2038d35d.jpg)

编制日期：2024 年 08 月

中华人民和国生态环境部制

![](ima"
2021_（佛环0304环审[2021]第0002号）佛山市生态环境局关于佛山市智龙科技有限公司年产溜冰鞋轮300万个、滑板车轮300万个新建项目环境影响报告表的批复.pdf,80,E:\软件\mineru_extracted\2024_2024年10月12日建设项目环境影响报告书（表）受理公告（佛山市生态环境局顺德分局）_1_mineru\full.md,2024_2024年10月12日建设项目环境影响报告书（表）受理公告（佛山市生态环境局顺德分局）_1_mineru,unknown,佛山市智龙科技有限公司年产溜冰鞋轮300万个、滑板车轮300万个,佛环0304环审[2021]第0002号）佛,False,"# 设项目环境影响报告

污染影响类

项目名称：佛山市智龙科技有限公司迁扩建项目

名称：佛山市智龙科技有限公司迁扩

编制日期：2024年6月

中华人 不境部制

![](images/7a89d1b00ac9b902b8c4b37a2372fb67741b6401a64c3a39cc763a830c487fcf.jpg)

<details>
<summary>text_image</su"
2021_（佛环0304环审【2021】第0049号）佛山市生态环境局关于广东爱迪雅卫浴实业有限公司迁扩建项目环境影响报告表的批复.pdf,80,E:\软件\mineru_extracted\2025_2025年6月30日建设项目环境影响报告受理公告（大良）_mineru\full.md,2025_2025年6月30日建设项目环境影响报告受理公告（大良）_mineru,unknown,广东爱迪雅卫浴实业有限公司迁,佛环0304环审【2021】第0049号）佛,False,"# 建设项目环境影响报告表

# （污染影响类）

项目名称：广东爱迪雅卫浴实业有限公司迁扩建项目

建设单位（盖章）：广东爱迪雅卫浴实业有限公司

编制日期：2025 年 6 月

中华人民共和国生态环境部制

打印编号：1741743598000

编制单位和编制人员情况表

<table><tr><td>项目编号</td><td>90yr14</td></tr><tr><td>建设项目名称<"
2022_佛山市生态环境局关于佛山市倍奇模具科技有限公司改扩建项目环境影响报告表的批复.pdf,80,E:\软件\mineru_extracted\2024_2024年9月10日建设项目环境影响报告书（表）受理公告（北滘）_2_mineru\full.md,2024_2024年9月10日建设项目环境影响报告书（表）受理公告（北滘）_2_mineru,unknown,佛山市倍奇模具科技有限公司改,,False,"# 建设项目环境影响报告表

（污染影响类）

![](images/0e993fb03e2102f8377a544b672e31a7fd486e3cd6693658aa52aee516a72205.jpg)

![](images/fa9de8f0612cb1fcf72b7654ef9b03b4b4db70f8df1b5bcdb084aa0a298cdb69.jpg)

# 项目名称：佛山市倍奇"
2022_佛山市生态环境局关于广东极亚精机科技有限公司新建项目环境影响报告表的批复.pdf,80,E:\软件\mineru_extracted\2026_2026年1月12日建设项目环境影响报告书（表）受理公告（北滘）_1_mineru\full.md,2026_2026年1月12日建设项目环境影响报告书（表）受理公告（北滘）_1_mineru,unknown,广东极亚精机科技有限公司,,False,"# 建设项目环境影响报告（污染影响类）

项目名称：广东极亚精机科技有限公司新增电机极亚精机科技有限公

生产车间扩建项目

建设单位（盖章）： 广东极亚精机科技有

![](images/e9c66126a8df0c72433250714e0dd96002483cca71a6a746f754460407c1e12b.jpg)  
东硕德环境科学研究院有限公司 1406080538134 一

中"
2022_佛环0304环审〔2022〕第0036号  佛山市生态环境局关于佛山市颐畅智能科技有限公司新建项目环境影响报告表的批复.pdf,80,E:\软件\mineru_extracted\2025_2025年1月15日建设项目环境影响报告书（表）受理公告（佛山市生态环境局顺德分局）_2_mineru\full.md,2025_2025年1月15日建设项目环境影响报告书（表）受理公告（佛山市生态环境局顺德分局）_2_mineru,unknown,佛山市颐畅智能科技有限公司,佛环0304环审〔2022〕第0036号,False,"# 建设项目环境影响报告

(污染影响类)

项目名称：佛山市颐畅智能科技有限公司迁扩建项目

项目名称：佛山市颐畅智能科技有限公司迁扩建

建设单位（ 山市颐畅智能

中华人民和国生态境部制

![](images/3318eead61038be224358a4d157dce7459f9a51c728e5e8bdaca49928481514e.jpg)  
广东顺德环境科学研究院有限公司 406"
2022_佛环0304环审〔2022〕第0037号  佛山市生态环境局关于佛山市奥特龙新材料有限公司年产电器塑料配件200万套新建项目环境影响报告表的批复.pdf,80,E:\软件\mineru_extracted\2026_2026年1月27日建设项目环境影响报告表受理公告（佛山市生态环境局顺德分局）_4_mineru\full.md,2026_2026年1月27日建设项目环境影响报告表受理公告（佛山市生态环境局顺德分局）_4_mineru,unknown,佛山市奥特龙新材料有限公司年产电器塑料配件200万套,佛环0304环审〔2022〕第0037号,False,"# 建设项目环境影响报告表

（污染影响类）

项目名称：佛山市奥特龙电器科技有限公司新建项目

建设单位（盖章）：佛山市奥

编制日期：20

中华）

# 建设项目环境影响报告表

（污染影响类）

项目名称：佛山市奥特龙电器科技有限公司新建项目

建设单位（盖章)：佛山市奥特龙电器科技有限公司

编制日期：2025年10月

中华人民共和国生态环境部制

编制单位和编制人员情况表
<tabl"
2022_佛环0304环审〔2022〕第0052号  佛山市生态环境局关于广东新宝电器股份有限公司D25号车间新建项目环境影响报告表的批复.pdf,80,E:\软件\mineru_extracted\2024_2024年10月25日建设项目环境影响报告书（表）受理公告（佛山市生态环境局顺德分局）_6_mineru\full.md,2024_2024年10月25日建设项目环境影响报告书（表）受理公告（佛山市生态环境局顺德分局）_6_mineru,unknown,广东新宝电器股份有限公司D25号车间,佛环0304环审〔2022〕第0052号,False,"# 项目环境影响报

（污染影响类）

项目名称：广东 限公司5-1号地块

新 间项目

建设单位（盖章）：广东新宝电器股份有限公司

称：广东 2024年8月

中华人 境部制

![](images/5a2c198f0851cf5f9369df77a652baddc96e93292050c36ce9425991f1431fb1.jpg)

![](images/418f988863db8a7"
2022_公示佛山市生态环境局关于广东德冠包装材料有限公司中兴科技园新建项目环境影响报告表的批复.pdf,80,E:\软件\mineru_extracted\2023_2023年8月17日建设项目环境影响报告书（表）受理公告（杏坛）_mineru\full.md,2023_2023年8月17日建设项目环境影响报告书（表）受理公告（杏坛）_mineru,unknown,广东德冠包装材料有限公司中兴科技园,,False,"# 建设项目环境影响报告表

（污染影响类）

项目名称：广东德冠包装材料有限中兴科技园新建项目（重新报批包装材

建设单位（盖章）：广东德装材科有限公司

编制日期：2023年8月

![](images/71df5174edf1684ab07151ed7a1618f01e3d9350ca64ed648e82dcec05de10bd.jpg)  
DEC 广东东冠包装材料有 PNOSEDASEA"
2022_关于中国石化销售股份有限公司广东佛山顺德林西河加油站扩建项目环境影响报告表的批复.pdf,80,E:\软件\mineru_extracted\2024_2024年11月12日建设项目环境影响报告书（表）受理公告（佛山市生态环境局顺德分局）_3_mineru\full.md,2024_2024年11月12日建设项目环境影响报告书（表）受理公告（佛山市生态环境局顺德分局）_3_mineru,unknown,中国石化销售股份有限公司广东佛山顺德林西河加油站,,False,"# 建设项目环境影响报告表

（污染影响类）

项目名称： 勒顺加油站改造工程项

建设单位（盖章）： 中国石化销售股份有限公

广东佛山顺德勒顺加油

编制日期： 2024 年 10

![](images/dd8200a4157426723e00c6e834c9576c085c8ebd4a8f8369e1c94c25626dd270.jpg)

<details>
<summary>text_"
2022_关于广东美的制冷设备有限公司质检实验室新建项目环境影响报告表的批复.pdf,80,E:\软件\mineru_extracted\2024_2024年7月26日建设项目环境影响报告书（表）受理公告（佛山市生态环境局顺德分局）_2_mineru\full.md,2024_2024年7月26日建设项目环境影响报告书（表）受理公告（佛山市生态环境局顺德分局）_2_mineru,unknown,广东美的制冷设备有限公司质检实验室,,False,"# 建设项目环境影响报告表

（污染影响类）

项目名称： 广东美的制冷设备有限公司淋涂生产线扩建项目

建设单位（盖章）： 广东美的制冷设备有限公司

编制日期： 2024 年 7 月

中华人民共和国生态环境部制

编制单位和编制人员情况表
<table><tr><td rowspan=1 colspan=2>项目编号</td><td rowspan=1 colspan=4>9qlkgm</t"
2022_关于广东美的厨房电器制造有限公司质检实验室新建项目环境影响报告表的批复.pdf,80,E:\软件\mineru_extracted\2024_2024年8月8日建设项目环境影响报告书（表）受理公告（佛山市生态环境局顺德分局）_1_mineru\full.md,2024_2024年8月8日建设项目环境影响报告书（表）受理公告（佛山市生态环境局顺德分局）_1_mineru,unknown,广东美的厨房电器制造有限公司质检实验室,,False,"# 建设项目环境影响报告表

（污染影响类）

项目名称：广东美的厨房电器制造有限公司顺德第三分厂扩建项

建设单位（盖章）：广东美的厨房电器制造有限公司

![](images/5d957d0ba444e18d23d67bf1e6530313251f5bd48558eb7daa8caf2c2038d35d.jpg)

编制日期：2024 年 08 月

中华人民和国生态环境部制

![](ima"
2023_佛山市生态环境局关于佛山市映杰塑料有限公司扩建项目环境影响报告表的批复.pdf,80,E:\软件\mineru_extracted\2023_2023年8月21日建设项目环境影响报告书（表）受理公告（北滘）_1_mineru\full.md,2023_2023年8月21日建设项目环境影响报告书（表）受理公告（北滘）_1_mineru,unknown,佛山市映杰塑料有限公司,,False,"# 建设项目环境影响报告表

（污染影响类）

项目名称：佛山市映杰塑料有限公司扩建项目

建设单位（盖章）：佛山市映杰塑料有限公司

编制日期： 2023 年 7 月

中华人民共和国生态环境部制

## 编制单位和编制人员情况表

<table><tr><td rowspan=3 colspan=1></td><td rowspan=1 colspan=3>项目编号</td><td rowsp"
2023_佛山市生态环境局关于佛山市益锦屹泰电器有限公司新建项目环境影响报告表的批复.pdf,80,E:\软件\mineru_extracted\2023_2023年7月24日建设项目环境影响报告受理公告（容桂）_mineru\full.md,2023_2023年7月24日建设项目环境影响报告受理公告（容桂）_mineru,unknown,佛山市益锦屹泰电器有限公司,,False,"# 建设项目环境影响报告表

（污染影响类）

项目名称：佛山市益锦屹泰电器有限公司新建项目建设单位（盖章）：佛山市益锦秦电器有限公司编制日期：2023年06月

中华人民共和国生态环境部制

编制单位和编制人员情况表

<table><tr><td colspan=""2"">项目编号</td><td colspan=""3"">1n263q</td></tr><tr><td colspan=""2"">建"
2023_佛山市生态环境局关于佛山市美诺思金属制造有限公司新建项目环境影响报告表的批复.pdf,80,E:\软件\mineru_extracted\2023_2023年2月10日建设项目环境影响报告受理公告（容桂）_2_mineru\full.md,2023_2023年2月10日建设项目环境影响报告受理公告（容桂）_2_mineru,unknown,佛山市美诺思金属制造有限公司,,False,"# 建设项目环境影响报告表

（污染影响类）

![](images/12c0541f6dd632c02ffba1b264400a66c02c153e1509360a0ea34de6c1d70f77.jpg)

![](images/b6b15ec92b3473f4f38913c2cab676f4d926c9a458d121089461ddeb28bd1429.jpg)

<details>
<s"
2023_佛山市生态环境局关于佛山市苯纶工业材料有限公司年产改性塑料800吨迁建项目环境影响报告表的批复.pdf,80,E:\软件\mineru_extracted\2023_2023年3月23日建设项目环境影响报告书（表）受理公告（北滘）_1_mineru\full.md,2023_2023年3月23日建设项目环境影响报告书（表）受理公告（北滘）_1_mineru,unknown,佛山市苯纶工业材料有限公司年产改性塑料800吨,,False,"# 建设项目环境影响报告表

（污染影响类）

项目名称：佛山市苯纶工业材料有限公司年产改性塑料80吨迁建项目

建设单位（盖章）：佛山市本纶工业材料有限公司

编制日期：2023年3月

中华人民 境部制

![](images/96075cda44f897b34a593ae483d28e8239349016ade130813f116100c004f1fb.jpg)

<details>
<su"
2023_佛山市生态环境局关于佛山市越骏五金有限公司新建项目环境影响报告表的批复.pdf,80,E:\软件\mineru_extracted\2023_2023年10月23日建设项目环境影响报告书（表）受理公告（北滘）_1_mineru\full.md,2023_2023年10月23日建设项目环境影响报告书（表）受理公告（北滘）_1_mineru,unknown,佛山市越骏五金有限公司,,False,"# 建设项目环境影响报告表

（污染影响类）

![](images/dc2a79f1a428f65a19d030a8cc80b9380774e4c4187ef8513540fdf23dc42e27.jpg)

<details>
<summary>text_image</summary>

超越五金有限公司
超越五金有限公司
</details>

项目名称：佛山市越骏五金脊限公司新建项目

建"
2023_佛山市生态环境局关于佛山市鑫品聚五金有限公司年产五金配件50万套新建项目环境影响报告表的批复.pdf,80,E:\软件\mineru_extracted\2023_2023年2月9日建设项目环境影响报告受理公告（容桂）_2_mineru\full.md,2023_2023年2月9日建设项目环境影响报告受理公告（容桂）_2_mineru,unknown,佛山市鑫品聚五金有限公司年产五金配件50万套,,False,"# 建设项目环境影响报告表

(污染影响类)

项目名称：佛山市品聚五金有限公司

年产五金配件50万新建项目

建设单位（盖章）：佛山安鑫品聚五金有限公司

编制日期：2022年09月

中华人民 竞部制

![](images/8c86d65902ab56e73ed0e50c432b387a74fcea4b0ad350f8eec0a8ade8d00a8d.jpg)

<details>
<su"
2023_佛山市生态环境局关于佛山达意旺科技有限公司新建项目环境影响报告表的批复.pdf,80,E:\软件\mineru_extracted\2023_2023年10月31日建设项目环境影响报告受理公告（容桂）_1_mineru\full.md,2023_2023年10月31日建设项目环境影响报告受理公告（容桂）_1_mineru,unknown,佛山达意旺科技有限公司,,False,"# 建设项目环境影响报告表

# （污染影响类）

项目名称：佛山达意旺科技有限公司新建项目

建设单位（盖章）：佛山达意旺科技有限公司

编制日期： 2023年7月

![](images/e1a46c3d7f90f244613be57c0bf8acdbda361c2b4b4126869dbd322c7f66818b.jpg)

<details>
<summary>text_image</su"
2023_佛山市生态环境局关于广东德美精细化工集团股份有限公司功能材料实验室建设项目环境影响报告表的批复.pdf,80,E:\软件\mineru_extracted\2023_2023年9月14日建设项目环境影响报告受理公告（容桂）_2_mineru\full.md,2023_2023年9月14日建设项目环境影响报告受理公告（容桂）_2_mineru,unknown,广东德美精细化工集团股份有限公司功能材料实验室,,False,"# 建设项目环境影响报告表

（污染影响类）

项目名称： 广东德美精细化工集团股份有限公司

功能材科实验室建设项目

建设单位（盖章）：广东德美精细化工集团股份有限公司

![](images/4bdabdf35521dc70c6e8da4f3b4f9f0af5bf2b0c855178c3a0d09c1c1debb6c4.jpg)  
广东鑫美精建技工集团股设有限公司 FO

编制日期： 20"
2023_佛山市生态环境局关于广东恒基金属股份有限公司研发中心新建项目环境影响报告表的批复.pdf,80,E:\软件\mineru_extracted\2023_2023年9月14日建设项目环境影响报告受理公告（容桂）_1_mineru\full.md,2023_2023年9月14日建设项目环境影响报告受理公告（容桂）_1_mineru,unknown,广东恒基金属股份有限公司研发中心,,False,"# 建设项目环境影响报告表

（污染影响类）

目名称： 广东恒基金属股份有限公司研发新建项目

建设单位（盖章）：广东恒股份公司

编制日期： 20年8月

中华人民和国态境部制

![](images/d1d9e00436ff77b9a07526fc88867695cb7fec7bc798e4f721fd97f221df12ac.jpg)  
广东顺德环境科学研究院有限公司 000602*s
"
2023_佛山市生态环境局关于广东恒基金属股份有限公司铝及不锈钢管件车间新建项目环境影响报告表的批复.pdf,80,E:\软件\mineru_extracted\2023_2023年9月14日建设项目环境影响报告受理公告（容桂）_1_mineru\full.md,2023_2023年9月14日建设项目环境影响报告受理公告（容桂）_1_mineru,unknown,广东恒基金属股份有限公司铝及不锈钢管件车间,,False,"# 建设项目环境影响报告表

（污染影响类）

目名称： 广东恒基金属股份有限公司研发新建项目

建设单位（盖章）：广东恒股份公司

编制日期： 20年8月

中华人民和国态境部制

![](images/d1d9e00436ff77b9a07526fc88867695cb7fec7bc798e4f721fd97f221df12ac.jpg)  
广东顺德环境科学研究院有限公司 000602*s
"
2023_佛山市生态环境局关于广东珺金睿塑料制品有限公司搬迁扩建项目环境影响报告表的批复.pdf,80,E:\软件\mineru_extracted\2023_2023年2月17日建设项目环境影响报告受理公告（容桂）_1_mineru\full.md,2023_2023年2月17日建设项目环境影响报告受理公告（容桂）_1_mineru,unknown,广东珺金睿塑料制品有限公司搬迁,,False,"# 建设项目环境影响报告表

（污染影响类）

项目名称：广东珺金睿塑 迁扩建项目

建设单位（盖章）：广东 限公司

编制日期：

![](images/69dced84c32afe79638bee79f9c4d404ab373c997eae0f5cfd500f162643e48a.jpg)

<details>
<summary>text_image</summary>

料制品有限公司搬
君"
2023_佛山市生态环境局关于广东美的制冷设备有限公司开利车间R32储置区域建设项目环境影响报告表的批复.pdf,80,E:\软件\mineru_extracted\2024_2024年7月26日建设项目环境影响报告书（表）受理公告（佛山市生态环境局顺德分局）_2_mineru\full.md,2024_2024年7月26日建设项目环境影响报告书（表）受理公告（佛山市生态环境局顺德分局）_2_mineru,unknown,广东美的制冷设备有限公司开利车间R32储置区域,,False,"# 建设项目环境影响报告表

（污染影响类）

项目名称： 广东美的制冷设备有限公司淋涂生产线扩建项目

建设单位（盖章）： 广东美的制冷设备有限公司

编制日期： 2024 年 7 月

中华人民共和国生态环境部制

编制单位和编制人员情况表
<table><tr><td rowspan=1 colspan=2>项目编号</td><td rowspan=1 colspan=4>9qlkgm</t"
2023_佛环0304环审〔2023〕11号 佛山市生态环境局关于广东新宝电器股份有限公司智能家居电器项目和健康美容电器项目改扩建项目环境影响报告表的批复.pdf,80,E:\软件\mineru_extracted\2024_2024年10月25日建设项目环境影响报告书（表）受理公告（佛山市生态环境局顺德分局）_6_mineru\full.md,2024_2024年10月25日建设项目环境影响报告书（表）受理公告（佛山市生态环境局顺德分局）_6_mineru,unknown,广东新宝电器股份有限公司智能家居电器项目和健康美容电器项目改,佛环0304环审〔2023〕11号,False,"# 项目环境影响报

（污染影响类）

项目名称：广东 限公司5-1号地块

新 间项目

建设单位（盖章）：广东新宝电器股份有限公司

称：广东 2024年8月

中华人 境部制

![](images/5a2c198f0851cf5f9369df77a652baddc96e93292050c36ce9425991f1431fb1.jpg)

![](images/418f988863db8a7"
2023_佛环03环审〔2023〕40号佛山市生态环境局关于广东阅生活家居科技有限公司总部基地新建项目建设项目环境影响报告表的批复.pdf,80,E:\软件\mineru_extracted\2023_2023年3月14日建设项目环境影响报告书（表）受理公告（佛山市生态环境局顺德分局）_1_mineru\full.md,2023_2023年3月14日建设项目环境影响报告书（表）受理公告（佛山市生态环境局顺德分局）_1_mineru,unknown,广东阅生活家居科技有限公司总部基地,佛环03环审〔2023〕40号佛山市生态环境,False,"# 建设项目环境影响报告表

# （污染影响类）

项目名称：广东阅生活家居科技有限公司总部基地建设项目

建设单位（盖章）：广东阅生活家居科技有限公司

编制日期： 2023年2月

中华人民 竟部制

![](images/724b7568cf805633f8caf60a3a5f6bb5b1ea073f5d334b13cdc22dca81c21880.jpg)

<details>
<summ"
2023_公示佛山市生态环境局关于佛山市恺源电器有限公司年产家电灯饰配件3000万件新建项目环境影响报告表的批复.pdf,80,E:\软件\mineru_extracted\2023_2023年10月30日建设项目环境影响报告书（表）受理公告（杏坛）_mineru\full.md,2023_2023年10月30日建设项目环境影响报告书（表）受理公告（杏坛）_mineru,unknown,佛山市恺源电器有限公司年产家电灯饰配件3000万件,,False,"# 建设项目环境影响报告表

（污染影响类）

项目名称：佛山市恺源电器有限公司年产家电灯饰配件3000万件新建自 限公

建设单位（盖章）：佛山市恺源电器有限公司

项目名称：佛山市恺源电器有限公司年产

中华人民 境部制

![](images/943de1ea86b3057693825c90878d06750fc061d8c2baf1c55a2637d36d1e64c8.jpg)

<det"
2023_公示佛山市生态环境局关于佛山市柏颖塑料电气有限公司新建项目环境影响报告表的批复.pdf,80,E:\软件\mineru_extracted\2023_2023年7月12日建设项目环境影响报告书（表）受理公告（杏坛）_mineru\full.md,2023_2023年7月12日建设项目环境影响报告书（表）受理公告（杏坛）_mineru,unknown,佛山市柏颖塑料电气有限公司,,False,"# 建设项目环境影响报告表

（污染影响类）

项目名称：佛山市柏颖塑料电气有限公司新建项目建设单位（盖章）：佛山市柏颖塑料电气有限公司

编制日期：

![](images/2f0ae8ed49b26433afe4e3b32c898eeb720a4c1912ce01ee2ec5c1aa51d59e60.jpg)

<details>
<summary>text_image</summary>

"
2023_公示佛山市生态环境局关于佛山市玉大包装材料有限公司新建项目环境影响报告表的批复.pdf,80,E:\软件\mineru_extracted\2023_2023年12月12日建设项目环境影响报告书（表）受理公告（杏坛）_mineru\full.md,2023_2023年12月12日建设项目环境影响报告书（表）受理公告（杏坛）_mineru,unknown,佛山市玉大包装材料有限公司,,False,"# 建设项目环境影响报告表

（污染影响类）

项目名称：佛山市玉大包装材料有限公司新建项目

建设单位（盖章）：佛山市玉大包装材料有限公司

编制日期： 二〇二三年十一月

中华人民共和国生态环境部制

中

![](images/04209d5c684dc4a786959acc9c6c12b942f7940e082147d742fc9e17277f4e32.jpg)

<details>
<s"
2023_公示佛山市生态环境局关于佛山市金顺源新材料科技有限公司新建项目环境影响报告表的批复.pdf,80,E:\软件\mineru_extracted\2023_2023年4月14日建设项目环境影响报告书（表）受理公告（杏坛）_1_mineru\full.md,2023_2023年4月14日建设项目环境影响报告书（表）受理公告（杏坛）_1_mineru,unknown,佛山市金顺源新材料科技有限公司,,False,"# 建设项目环境影响报告表

（污染影响类）

![](images/ff6e37b46ccae17b6f4ef4c20136a56d21f8db5499dbb889eb5d7780e3883c7a.jpg)

<details>
<summary>text_image</summary>

源新材料科技有限公司
材料科技有限公司
</details>

项目名称：佛山市金顺源新 新建项目建设单位"
2023_公示佛山市生态环境局关于佛山益洛信科技有限公司新建项目环境影响报告表的批复.pdf,80,E:\软件\mineru_extracted\2023_2023年5月9日建设项目环境影响报告书（表）受理公告（杏坛）_mineru\full.md,2023_2023年5月9日建设项目环境影响报告书（表）受理公告（杏坛）_mineru,approval_candidate,佛山益洛信科技有限公司,,False,"# 建设项目环境影响报告表

# （污染影响类）

目名称：佛山益洛信科技有限公司新建项目设单位（盖章）：佛山益洛信科技有限公司

编制日期：2023年 3月

华人民共和国生态环境部制

编制单位和编制人员情况表

<table><tr><td>项目编号</td><td></td></tr><tr><td>建设项目名称</td><td>佛山益源信科技有限公司新建项目</td></tr><tr><"
2023_公示佛山市生态环境局关于广东德冠包装材料有限公司中兴科技园新建项目（重新报批）环境影响报告表的批复.pdf,80,E:\软件\mineru_extracted\2023_2023年8月17日建设项目环境影响报告书（表）受理公告（杏坛）_mineru\full.md,2023_2023年8月17日建设项目环境影响报告书（表）受理公告（杏坛）_mineru,unknown,广东德冠包装材料有限公司中兴科技园,,False,"# 建设项目环境影响报告表

（污染影响类）

项目名称：广东德冠包装材料有限中兴科技园新建项目（重新报批包装材

建设单位（盖章）：广东德装材科有限公司

编制日期：2023年8月

![](images/71df5174edf1684ab07151ed7a1618f01e3d9350ca64ed648e82dcec05de10bd.jpg)  
DEC 广东东冠包装材料有 PNOSEDASEA"
2023_公示佛山市生态环境局关于深圳市优晟照明科技有限公司佛山分公司新建项目环境影响报告表的批复.pdf,80,E:\软件\mineru_extracted\2023_2023年7月18日建设项目环境影响报告书（表）受理公告（杏坛）_mineru\full.md,2023_2023年7月18日建设项目环境影响报告书（表）受理公告（杏坛）_mineru,approval_candidate,深圳市优晟照明科技有限公司佛山分公司,,False,"# 建设项目环境影响报告表

# （污染影响类）

项目名称：深圳市优晟照明科技有限公司建设单位（盖章）：深圳市优晟照明科技 项目公司编制日期：2023 年5

![](images/9c747434a86b1aa050b60c226b43e2f28f6ea4b46d142fcdf224822e61234153.jpg)

<details>
<summary>text_image</summar"
2023_关于佛山市顺为智造科技有限公司新建项目环境影响报告表的批复.pdf,80,E:\软件\mineru_extracted\2023_2023年3月27日建设项目环境影响报告受理公告（容桂）_2_mineru\full.md,2023_2023年3月27日建设项目环境影响报告受理公告（容桂）_2_mineru,unknown,佛山市顺为智造科技有限公司,,False,"# 建设项目环境影响报告表

# （污染影响类）

![](images/5d7e73421d7a884b981c9b5dba9de65bad41a80db360ce05a8fb76ec6047f559.jpg)

<details>
<summary>text_image</summary>

智造科技有限公司
技有限公司新建项
为智造科技有限公司
</details>

项目名称：佛山市顺为智"
2023_关于黄山联固新材料科技有限公司新建项目环境影响报告表的批复.pdf,80,E:\软件\mineru_extracted\2023_2023年6月13日建设项目环境影响报告表受理公告（容桂）_2_mineru\full.md,2023_2023年6月13日建设项目环境影响报告表受理公告（容桂）_2_mineru,unknown,黄山联固新材料科技有限公司,,False,"# 建设项目环境影响报告表

![](images/8a3192b9b22950d93c0189dc67fd3ccca985304e36d917fc72b167ecbabc16fa.jpg)

<details>
<summary>text_image</summary>

王海涛
三联大厦
</details>

项目名称：黄山联固新材料科有限公新建项目建设单位（盖章）：黄山联固新材料科有限公司"
2023_承诺制公示佛山市生态环境局关于佛山市温雨科技有限公司年产塑料配件5000万个新建项目环境影响报告表的批复.pdf,80,E:\软件\mineru_extracted\2025_2025年10月15日建设项目环境影响报告书（表）受理公告（北滘）_mineru\full.md,2025_2025年10月15日建设项目环境影响报告书（表）受理公告（北滘）_mineru,unknown,佛山市温雨科技有限公司年产塑料配件5000万个,,False,"# 建设项目环境影响报告表

（污染影响类）

项目名称：佛山市温雨科技有限公司北滘注塑车间新建项目

建设单位（盖章）：佛山市温雨科技有限公司

编制日期：2025年 9月

中华人民共和国生态环境部制

## 编制单位和编制人员情况表

<table><tr><td rowspan=1 colspan=2>项目编号</td><td rowspan=1 colspan=5>nxa4b7</td>"
2023_（佛环0304环审〔2023〕35号）佛山市生态环境局关于佛山市强劲宝润滑油有限公司新建项目环境影响报告表的批复.pdf,80,E:\软件\mineru_extracted\2023_2023年12月7日项目环境影响报告受理公告（勒流）_1_mineru\full.md,2023_2023年12月7日项目环境影响报告受理公告（勒流）_1_mineru,unknown,佛山市强劲宝润滑油有限公司,佛环0304环审〔2023〕35号）佛山市生,False,"# 建设项目环境影响报告表

（污染影响类）

项目名称：佛山市强劲宝润滑油有限公司新建项目

建设单位（盖章）：佛山市强劲宝润滑油有限公司

编制日期：2023 年 10 月

中华人民共和国生态环境部制

编制单位和编制人员情况表

<table><tr><td colspan=""2"">项目编号</td><td colspan=""3"">J216cb</td></tr><tr><td colsp"
2023_（佛环0304环审〔2023〕5号）佛山市生态环境局关于广东钿源科技有限公司新建项目环境影响报告表的批复.pdf,80,E:\软件\mineru_extracted\2023_2023年3月28日项目环境影响报告受理公告（勒流）_4_mineru\full.md,2023_2023年3月28日项目环境影响报告受理公告（勒流）_4_mineru,unknown,广东钿源科技有限公司,佛环0304环审〔2023〕5号）佛山市生态,False,"# 建设项目环境影响报告表

（污染影响类）

项目名称：广东钿源科技有限公司新建项目

建设单位（盖章）：广东钿源科技有限

编制日期： 2023年1月

![](images/1b06c4618e5f89bf374000b52bb801898ba3a925438da4a63850652f99bd0884.jpg)

<details>
<summary>text_image</summary>"
2024_佛山市生态环境局关于佛山市东来晟塑料制品有限公司新建项目建设项目环境影响报告表的批复.pdf,80,E:\软件\mineru_extracted\2024_2024年7月1日建设项目环境影响报告表受理公告（容桂）_2_mineru\full.md,2024_2024年7月1日建设项目环境影响报告表受理公告（容桂）_2_mineru,unknown,佛山市东来晟塑料制品有限公司,,False,"# 建设项目环境影响报告表

（污染影响类）

项目名称：佛山市东来晟塑脊限司新建项目

建设单位（盖章）：佛山市来晟塑料制品有限公司

编制日期：二二四

![](images/3deb6484dd2fcd3c26242d53055f77abf9aa1fe708afb13f9f24066953511782.jpg)

![](images/35857f2852caedd3679275e0aac6"
2024_佛山市生态环境局关于佛山市加合新材料有限公司新建项目建设项目环境影响报告表的批复.pdf,80,E:\软件\mineru_extracted\2024_2024年7月24日建设项目环境影响报告表受理公告（容桂）_5_mineru\full.md,2024_2024年7月24日建设项目环境影响报告表受理公告（容桂）_5_mineru,unknown,佛山市加合新材料有限公司,,False,"# （污染影响类）（污染影响类）

项目名称：佛山市加合新材料有限公司新

建设单位（盖章）：佛山市加合新材料有

编制日期：2024

![](images/a037384aa5f802a7575f6c31e96af15a28a203a97712b10f1e712ac267f279df.jpg)  
佛山市会新材料有限公司 4406064346722

中华人民共和国生态环境

![](imag"
2024_佛山市生态环境局关于佛山市富懿塑料制品有限公司新建项目建设项目环境影响报告表的批复.pdf,80,E:\软件\mineru_extracted\2024_2024年11月8日建设项目环境影响报告表受理公告（容桂）_mineru\full.md,2024_2024年11月8日建设项目环境影响报告表受理公告（容桂）_mineru,unknown,佛山市富懿塑料制品有限公司,,False,"# 建设项目环境影响报告表（污染影响类）

项目名称：佛山市富懿塑料制品有限公司新建项目

建设单位（盖章）：佛山市富懿塑料制品有限公司

编制日期：2024年10月

![](images/45ed7d6bc2df2c89d4e26ab7be9fb9b2a0fb53dc0b8b40509d94af8771431f8a.jpg)  
佛山市富懿塑科制品有限公司 4406554278

中华人民共和"
2024_佛山市生态环境局关于佛山市瑞派贝希君来宠物医院有限公司新建项目环境影响报告表的批复.pdf,80,E:\软件\mineru_extracted\2024_2024年7月15日建设项目环境影响报告书（表）受理公告（北滘）_1_mineru\full.md,2024_2024年7月15日建设项目环境影响报告书（表）受理公告（北滘）_1_mineru,unknown,佛山市瑞派贝希君来宠物医院有限公司,,False,"# 建设项目环境影响报告表

（污染影响类）

项目名称：佛山市瑞派贝希君来宠物医院有限公司新建项目

建设单位（盖章）：佛山市瑞派贝希君来宠物医院有限公司

编制日期： 2024年7月

中华人民和国生境部制

![](images/2d2f3d6a49e8929bcb628e8208fc0f212070c672f9f44ebc6158d5a4a451a218.jpg)  
广东顺德环境科学研究"
2024_佛山市生态环境局关于佛山市百味佳食品有限公司新建项目环境影响报告表的批复.pdf,80,E:\软件\mineru_extracted\2024_2024年10月28日建设项目环境影响报告书（表）受理公告（北滘）_1_mineru\full.md,2024_2024年10月28日建设项目环境影响报告书（表）受理公告（北滘）_1_mineru,unknown,佛山市百味佳食品有限公司,,False,"# 建设项目环境影响报告表

（污染影响类）

![](images/6d74edc0be754ab0f1e2feb4090f2b8c23bdfc033ecf3606dcb7b21870bf1ae6.jpg)

<details>
<summary>text_image</summary>

市百味佳食品有限公司
味佳食品有限公
</details>

项目名称：佛山市百 公司新建项目

）建设单"
2024_佛山市生态环境局关于佛山市靓禾厨卫用品有限公司新建项目建设项目环境影响报告表的批复.pdf,80,E:\软件\mineru_extracted\2024_2024年1月3日建设项目环境影响报告受理公告（容桂）_mineru\full.md,2024_2024年1月3日建设项目环境影响报告受理公告（容桂）_mineru,unknown,佛山市靓禾厨卫用品有限公司,,False,"# 建设项目环境影响报告表

（污染影响类）

项目名称：佛山市靓禾厨卫用品有限公司新建项目

建设单位（盖章）：佛山市靓禾厨卫用品有限公司

编制日期：2023年11月

中华人民共和国生态环境部制

打印编号：1699430653000

# 编制单位和编制人员情况表

<table><tr><td rowspan=1 colspan=2>项目编号</td><td rowspan=1 cols"
2024_佛山市生态环境局关于佛山牛一塑胶制品有限公司建设项目环境影响报告表的批复.pdf,80,E:\软件\mineru_extracted\2024_2024年9月12日建设项目环境影响报告书（表）受理公告（北滘）_mineru\full.md,2024_2024年9月12日建设项目环境影响报告书（表）受理公告（北滘）_mineru,unknown,佛山牛一塑胶制品有限公司,,False,"# 建设项目环境影响报告表

（污染影响类）

![](images/cfcd985f7b2c4f4e7cfb49a926ee1803683339e3fb569c60b6ab2603b758d83c.jpg)

![](images/93ebf78a0419cc50ce4d385ed61a2fedda3c924fa7cb96487e03a654c3dcdb05.jpg)

# 项目名称：佛山牛一塑"
2024_佛山市生态环境局关于佛山进润科技有限公司新建项目环境影响报告表的批复1.pdf,80,E:\软件\mineru_extracted\2023_2023年11月24日建设项目环境影响报告书（表）受理公告（北滘）_mineru\full.md,2023_2023年11月24日建设项目环境影响报告书（表）受理公告（北滘）_mineru,unknown,佛山进润科技有限公司,,False,"# 建设项目环境影响报告表

（污染影响类）

项目名称：佛山进润科技有限公司新建项目

建设单位（盖章）：佛山进润科技有限公司

编制日期： 2023年11月

中华人民共 部制

![](images/e78e63ca7bf6ef6fd983def36282fc43fdbaf04f54063d39cd28c672096a35e9.jpg)

<details>
<summary>text_im"
2024_佛山市生态环境局关于广东千马电子有限公司迁扩建项目建设项目环境影响报告表的批复.pdf,80,E:\软件\mineru_extracted\2024_2024年7月24日建设项目环境影响报告表受理公告（容桂）_1_mineru\full.md,2024_2024年7月24日建设项目环境影响报告表受理公告（容桂）_1_mineru,unknown,广东千马电子有限公司迁,,False,"# 建设项目环境影响报告表

（污染影响类）

项目名称：广东千马电子有限公司连有

编制日期：2024年6月

建设单位（盖章）：广东千马有限公司

![](images/394f5955d07d39fd451e308c2edb0ee0edbf6c42d5cea0bfdadc50f59752ed75.jpg)  
广东千马电子有限公司 4406064151304

中华人民共和国生态环境部制

"
2024_佛山市生态环境局关于广东永利隆电线电缆有限公司新建项目环境影响报告表的批复.pdf,80,E:\软件\mineru_extracted\2024_2024年1月8日建设项目环境影响报告书（表）受理公告（北滘）_mineru\full.md,2024_2024年1月8日建设项目环境影响报告书（表）受理公告（北滘）_mineru,unknown,广东永利隆电线电缆有限公司,,False,"# 建设项目环境影响报告表（污染影响类）

项目名称：广东永利隆电线电缆有限公司新建项目

建设单位（盖章）：广东永利隆电线电缆有限公司

编制日期：2023年9月

![](images/18559b00a2c9b984dddef8c3b5ab9e07d0880d7e0d3d3f2b4f74f8cfd84447af.jpg)  
东永利 中

![](images/af5bf5b003fc3d6"
2024_佛山市生态环境局关于广东美的制冷设备有限公司R454B、R290制冷剂供应站建设项目环境影响报告表的批复.pdf,80,E:\软件\mineru_extracted\2024_2024年7月26日建设项目环境影响报告书（表）受理公告（佛山市生态环境局顺德分局）_2_mineru\full.md,2024_2024年7月26日建设项目环境影响报告书（表）受理公告（佛山市生态环境局顺德分局）_2_mineru,unknown,广东美的制冷设备有限公司R454B、R290制冷剂供应站,,False,"# 建设项目环境影响报告表

（污染影响类）

项目名称： 广东美的制冷设备有限公司淋涂生产线扩建项目

建设单位（盖章）： 广东美的制冷设备有限公司

编制日期： 2024 年 7 月

中华人民共和国生态环境部制

编制单位和编制人员情况表
<table><tr><td rowspan=1 colspan=2>项目编号</td><td rowspan=1 colspan=4>9qlkgm</t"
2024_佛山市生态环境局关于广东美的制冷设备有限公司实验室（美的创新中心）新建项目环境影响报告表的批复.pdf,80,E:\软件\mineru_extracted\2024_2024年7月26日建设项目环境影响报告书（表）受理公告（佛山市生态环境局顺德分局）_2_mineru\full.md,2024_2024年7月26日建设项目环境影响报告书（表）受理公告（佛山市生态环境局顺德分局）_2_mineru,unknown,广东美的制冷设备有限公司实验室（美的创新中心）,,False,"# 建设项目环境影响报告表

（污染影响类）

项目名称： 广东美的制冷设备有限公司淋涂生产线扩建项目

建设单位（盖章）： 广东美的制冷设备有限公司

编制日期： 2024 年 7 月

中华人民共和国生态环境部制

编制单位和编制人员情况表
<table><tr><td rowspan=1 colspan=2>项目编号</td><td rowspan=1 colspan=4>9qlkgm</t"
2024_佛山市生态环境局关于广东顺德凯格电子实业有限公司扩建项目建设项目环境影响报告表的批复.pdf,80,E:\软件\mineru_extracted\2024_2024年6月24日建设项目环境影响报告表受理公告（容桂）_2_mineru\full.md,2024_2024年6月24日建设项目环境影响报告表受理公告（容桂）_2_mineru,unknown,广东顺德凯格电子实业有限公司,,False,"# （污染影响类）（污染影响类）

项目名称：广东顺德凯格电子业有银公司扩建项且

建设单位（盖章）：广顺德凯格电子实业有限公司

![](images/1f8f5ceac987152c405faee0cf71c9bc7c2c8166c2392fc4f243f08ce7be6806.jpg)  
中东德德筑格电子实业有限公司 2O

中华人共和国生环境部制

打印编号：1703475628000
"
2024_佛山市生态环境局关于深圳市富旺达精密五金制品有限公司顺德分公司新建项目建设项目环境影响报告表的批复.pdf,80,E:\软件\mineru_extracted\2023_2023年12月13日建设项目环境影响报告受理公告（容桂）_mineru\full.md,2023_2023年12月13日建设项目环境影响报告受理公告（容桂）_mineru,approval_candidate,深圳市富旺达精密五金制品有限公司顺德分公司,,False,"# 建设项目环境影响报告表

（污染影响类）

项目名称：深圳市富旺达精密五金制品有限公司顺德分公司新建项目建设单位（盖章）：深圳市富旺达精密五金制品有限公司顺德分公司编制日期：2023 年 07月

中华人民共和国生态环境部制

# 一、建设项目基本情况

<table><tr><td>建设项目名称</td><td colspan=""3"">深圳市富旺达精密五金制品有限公司顺德分公司新建项目</t"
2024_佛环0305环审〔2024〕30号【佛山市生态环境局关于佛山市沣洲源不锈钢有限公司新建项目建设项目环境影响报告表的批复】（公示）.pdf,80,E:\软件\mineru_extracted\2024_2024年12月5日建设项目环境影响报告受理公告（陈村）_mineru\full.md,2024_2024年12月5日建设项目环境影响报告受理公告（陈村）_mineru,unknown,佛山市沣洲源不锈钢有限公司,佛环0305环审〔2024〕30号【佛山市生,False,"# 建设项目环境影响报告表

（污染影响类）

项目名称：佛建设单位（盖

中华

编制单位和编制人员情况表  
![](images/4850a674f7e07430fb0760014f30815376ca53d1ff5b9217e50edfd8d9722f9a.jpg)

<table><tr><td colspan=""3"" rowspan=""1"">项目编号</td><td colspan="""
2024_佛环03环审〔2024〕12号佛山市生态环境局关于广东顺德意达电子薄膜器件有限公司新建项目环境影响报告表的批复.pdf,80,E:\软件\mineru_extracted\2024_2024年8月30日建设项目环境影响报告书（表）受理公告（佛山市生态环境局顺德分局）_1_mineru\full.md,2024_2024年8月30日建设项目环境影响报告书（表）受理公告（佛山市生态环境局顺德分局）_1_mineru,unknown,广东顺德意达电子薄膜器件有限公司,佛环03环审〔2024〕12号佛山市生态环境,False,"# 建设项目环境影响报告表

（污染影响类）

![](images/82cebe25ed2c58cc6387aecbe8dc0c79786d8007edf397b90b989429841bde64.jpg)

目名称：广东顺德意达电子薄膜器件有限公司扩建项设单位（盖章）：广东顺德意达电子薄膜器件有限公编制日期：2024年 6月

![](images/7fce66144a190d127f87aa"
2024_佛环03环审〔2024〕19号佛山市生态环境局关于广东兴融科技有限公司迁扩建项目建设项目环境影响报告表的批复.pdf,80,E:\软件\mineru_extracted\2023_2023年8月21日建设项目环境影响报告书（表）受理公告（佛山市生态环境局顺德分局）_2_mineru\full.md,2023_2023年8月21日建设项目环境影响报告书（表）受理公告（佛山市生态环境局顺德分局）_2_mineru,unknown,广东兴融科技有限公司迁,佛环03环审〔2024〕19号佛山市生态环境,False,"# 建设项目环境影响报告表（污染影响类）

项目名称：广东兴融科技有限公司迁改建项目

建设单位（盖章）：广东兴融科技有限公司

编制日期：2023年7月

![](images/f0825272f346fae7a572e064c1b806b8967343ed7dee624602a57064194ad7fc.jpg)  
东晟融科技有限公公司 4406061005169

中华人民共和国生态环境部"
2024_佛环03环审〔2024〕68号佛山市生态环境局关于佛山市宝尔德电机制造有限公司搬迁项目建设项目环境影响报告表的批复.pdf,80,E:\软件\mineru_extracted\2023_2023年12月29日建设项目环境影响报告表受理公告（佛山市生态环境局顺德分局）_mineru\full.md,2023_2023年12月29日建设项目环境影响报告表受理公告（佛山市生态环境局顺德分局）_mineru,unknown,佛山市宝尔德电机制造有限公司搬迁项目,佛环03环审〔2024〕68号佛山市生态环境,False,"# 建设项目环境影响报告表

（污染影响类）

项目名称：佛山市宝尔德电机制造有限公司搬迁项目

建设单位（盖章）：佛山市宝尔德电机制造有限公司

编制日期： 2023年12月

中华人民和国生态环境部制

编制单位和编制人员情况表

<table><tr><td colspan=""2"">项目编号</td><td colspan=""3"">ou6496</td></tr><tr><td colspa"
2024_公示佛山市生态环境局关于佛山市塑德顺新材料科技有限公司新建项目环境影响报告表的批复.pdf,80,E:\软件\mineru_extracted\2024_2024年1月18日建设项目环境影响报告书（表）受理公告（杏坛）_mineru\full.md,2024_2024年1月18日建设项目环境影响报告书（表）受理公告（杏坛）_mineru,unknown,佛山市塑德顺新材料科技有限公司,,False,"# 建设项目环境影响报告表（污染影响类）

项目名称：佛山市塑德顺新材料科技有限公司新建项目

建设单位（盖章）：佛山市塑德顺新材料科技有限公司

编制日期：2024 年1 月

中华人民共和国生态环境部制

编制单位和编制人员情况表

![](images/d060d65f5886b02fd1a78245aee9714817a5712c3a120625099f7722da0fa110.jpg) "
2024_关于广东省驰瑞合成汽车零部件制造有限公司新建项目建设项目环境影响报告表的批复.pdf,80,E:\软件\mineru_extracted\2023_2023年12月21日建设项目环境影响报告受理公告（容桂）_2_mineru\full.md,2023_2023年12月21日建设项目环境影响报告受理公告（容桂）_2_mineru,unknown,广东省驰瑞合成汽车零部件制造有限公司,,False,"# 建设项目环境影响报告表

（污染影响类）

项目名称：广东省驰瑞合成汽车零部制造有限公司新建项目建设单位（盖章）：广东驰瑞合成汽零部件制造有限公司编制日期： 2023年12月

![](images/80fd2364f00b21e4e49305b1d70d7660ba4c776ffd86b82ae0637ead7f172585.jpg)

<details>
<summary>text_ima"
2024_（佛环0304环审〔2024〕3号）佛山市生态环境局关于佛山市圣丝宝新材料有限公司新建项目环境影响报告表的批复.pdf,80,E:\软件\mineru_extracted\2023_2023年12月21日项目环境影响报告受理公告（勒流）_mineru\full.md,2023_2023年12月21日项目环境影响报告受理公告（勒流）_mineru,unknown,佛山市圣丝宝新材料有限公司,佛环0304环审〔2024〕3号）佛山市生态,False,"# 建设项目环境影响报告表

(污染影响类)

项目名称：佛山市圣丝宝新材料有限公司新建项目

建设单位（盖章）：佛山市圣丝宝新材料有限公司

编制日期：2023年11月

![](images/2ae49c7979f2d62fbf5fc7825e3b282de95a0695a65a47b614263404142bde88.jpg)

<details>
<summary>text_image</"
2024_（佛环0304环审〔2024〕6号）佛山市生态环境局关于佛山市晧晔精密五金有限公司新建项目环境影响报告表的批复.pdf,80,E:\软件\mineru_extracted\2023_2023年12月7日项目环境影响报告受理公告（勒流）_2_mineru\full.md,2023_2023年12月7日项目环境影响报告受理公告（勒流）_2_mineru,unknown,佛山市晧晔精密五金有限公司,佛环0304环审〔2024〕6号）佛山市生态,False,"# 建设项目环境影响报告表

（污染影响类）

项目名称：佛山市晧晔精密五金有限公司新建项目建设单位（盖章）：佛山市晧晔精密五金有限公司编制日期：2023年10月

中华人民 境部制

![](images/554a3e2e2180cb37d3fced7911cdfe8e0d1645ae097a8e103cad4849ec21062d.jpg)

<details>
<summary>text_i"
2025_20250521-佛山市生态环境局关于广东顺德日清食品有限公司第三工厂扩产增效技术改造项目环境影响报告表的批复.pdf,80,E:\软件\mineru_extracted\2025_2025年4月15日建设项目环境影响报告书（表）受理公告（北滘）_mineru\full.md,2025_2025年4月15日建设项目环境影响报告书（表）受理公告（北滘）_mineru,unknown,广东顺德日清食品有限公司第三工厂扩产增效,,False,"# 建设项目环境影响报告表

# （污染影响类）

项目名称： 广东顺德清品食限公司有限公司

第三工厂扩增效技术改造项目

建设单位（盖章）：广东顺德日清食品有限公司

编制日期： 2025年3月

中华人民和国生态环境部制

![](images/088b35eb6979122984511cedf1d48c7dd94452fcdc08a1992497e146fa3c5da3.jpg)  
广东"
2025_佛山市生态环境局关于佛山东瑜塑料制品有限公司新建项目环境影响报告表的批复.pdf,80,E:\软件\mineru_extracted\2025_2025年2月24日建设项目环境影响报告书（表）受理公告（北滘）_1_mineru\full.md,2025_2025年2月24日建设项目环境影响报告书（表）受理公告（北滘）_1_mineru,unknown,佛山东瑜塑料制品有限公司,,False,"# 建设项目环境影响报告表

（污染影响类）

项目名称：佛山东瑜塑料制品有限公司新建项目

建设单位（盖章）：佛由东瑜塑料制品有限公司

编制日期： 2025年

中华人民和国生态环境部制

![](images/be3b3873292e991756e2cbc868147aec745360d9e7159656145c012266fb2a16.jpg)  
广东顺德环境科学研究院有限公司 4406"
2025_佛山市生态环境局关于佛山冰雪匠制冷设备有限公司新建项目环境影响报告表的批复.pdf,80,E:\软件\mineru_extracted\2025_2025年4月9日建设项目环境影响报告书（表）受理公告（北滘）_1_mineru\full.md,2025_2025年4月9日建设项目环境影响报告书（表）受理公告（北滘）_1_mineru,unknown,佛山冰雪匠制冷设备有限公司,,False,"# 建设项目环境影响报告表

（污染影响类）

项目名称：佛山冰雪匠制冷设备有限公司新建项目

建设单位（盖章）：佛水雪匠制设备有限公司

![](images/80e511275bce81c714c4cd85ac54ffd46169a2369959a726f1eaa852a3d39f4d.jpg)  
佛山基雪匠制冷设备有限公司 4416054733775

编制日期: 20250年1211月
"
2025_佛山市生态环境局关于佛山塑晟科技有限公司（迁扩建）建设项目环境影响报告表的批复.pdf,80,E:\软件\mineru_extracted\2025_2025年1月6日建设项目环境影响报告书（表）受理公告（北滘）_1_mineru\full.md,2025_2025年1月6日建设项目环境影响报告书（表）受理公告（北滘）_1_mineru,unknown,佛山塑晟科技有限公司（迁,,False,"# 建设项目环境影响报告表

（污染影响类）

项目名称：佛山塑晟科技有限公司（迁扩建）建设项目

建设单位（盖章）： 佛山塑晟科技有限公司

编制日期： 0202412月

中华人民共和国生态环境部制

![](images/067eb216257336ed2b14a84853225b807d3e65e31d47b08dcbaeb7509d143dda.jpg)  
佛市天泰利安环境工程有限公司"
2025_佛山市生态环境局关于佛山市久苏电器科技有限公司建设项目环境影响报告表的批复.pdf,80,E:\软件\mineru_extracted\2025_2025年7月4日建设项目环境影响报告书（表）受理公告（北滘）_1_mineru\full.md,2025_2025年7月4日建设项目环境影响报告书（表）受理公告（北滘）_1_mineru,unknown,佛山市久苏电器科技有限公司,,False,"# 建设项目环境影响报告表

（污染影响类）

项目名称：佛山市交苏电器科技有限公司建设项目

建设单位（盖章）佛山市电器科技有限公司

![](images/06dc8257549e0108522059b569c56b7e165dd39f4301a58d076e5f8fc74b28f0.jpg)  
9佛山市久苏生器科技有限公司 852

![](images/04c355bf84d1e36ef"
2025_佛山市生态环境局关于佛山市康而康家用电器有限公司建设项目环境影响报告表的批复.pdf,80,E:\软件\mineru_extracted\2025_2025年3月20日建设项目环境影响报告书（表）受理公告（北滘）_mineru\full.md,2025_2025年3月20日建设项目环境影响报告书（表）受理公告（北滘）_mineru,unknown,佛山市康而康家用电器有限公司,,False,"# 建设项目环境影响报告表

（污染影响类）

![](images/f97e803ab4cac1e49afcc2dc15edcf2bab8be1f86864aa5e84855ea63e7603ea.jpg)

<details>
<summary>text_image</summary>

236
西房
</details>

项目名称：佛山市康而康豪用电器有限公司建设项目建设单位（盖章） 佛山"
2025_佛山市生态环境局关于佛山市新雨润食品有限公司总部产业基地项目新建项目环境影响报告表的批复.pdf,80,E:\软件\mineru_extracted\2025_2025年5月19日建设项目环境影响报告书（表）受理公告（北滘）_mineru\full.md,2025_2025年5月19日建设项目环境影响报告书（表）受理公告（北滘）_mineru,unknown,佛山市新雨润食品有限公司总部产业基地项目,,False,"# 建设项目环境影响报告表（污染影响类）

项目名称：佛山市新雨润食品有限公司总基地项目

新建项目

建设单位（盖章）：佛山市新雨润食品有限公司

编制日期： 2025年4月

中华人民共和国生态环境部制

![](images/7d997ae5e9fa22bb5c970cb5c0ee30431cd5ff2ed9670686b9858a3bdadedde1.jpg)  
佛山市聚利科品有限公司 "
2025_佛山市生态环境局关于佛山市柏川日用品制造有限公司改扩建项目环境影响报告表的批复（无章）.pdf,80,E:\软件\mineru_extracted\2025_2025年7月23日建设项目环境影响报告书（表）受理公告（北滘）_1_mineru\full.md,2025_2025年7月23日建设项目环境影响报告书（表）受理公告（北滘）_1_mineru,unknown,佛山市柏川日用品制造有限公司改,,False,"# 建设项目环境影响报告表（污染影响类）

# 项目名称：佛山市柏川日用品制造有限公司改扩建项目

建设单位（盖章）：佛山市柏川日用品制造有限公司

编制日期：2025年7月

中华人民共和国生态环境部

![](images/fe40e51539abda4a50dc43d2f31e83c6a246988572db8f90c10d9be50c0ff381.jpg)  
广州国舞环保科技发挥有限公司"
2025_佛山市生态环境局关于佛山市焕亿旺科技有限公司新建项目建设项目环境影响报告表的批复.pdf,80,E:\软件\mineru_extracted\2025_2025年1月21日建设项目环境影响报告表受理公告（容桂）_mineru\full.md,2025_2025年1月21日建设项目环境影响报告表受理公告（容桂）_mineru,unknown,佛山市焕亿旺科技有限公司,,False,"# 设项目环境影响报告表

# 污染影响类）

名称：佛山市焕亿旺科技有限公司新建项目

单位（盖章）：佛山市焕亿旺科技有限公司

编制日期：2024年9月

中华人民和国生态环境部

![](images/aa3994aa270e8c8389e0308850ce54117b898b8844682a4e0a80966712bb2c40.jpg)  
1

<table><tr><td rowspa"
2025_佛山市生态环境局关于佛山浩石电子材料有限公司新建实验室项目环境影响报告表的批复.pdf,80,E:\软件\mineru_extracted\2025_2025年6月10日建设项目环境影响报告书（表）受理公告（北滘）_mineru\full.md,2025_2025年6月10日建设项目环境影响报告书（表）受理公告（北滘）_mineru,unknown,佛山浩石电子材料有限公司,,False,"# 建设项目环境影响报告表

（污染影响类）

项目名称：佛山浩石电子材料有限有新建实验室项目

建设单位（盖章）：佛山浩有电子材料有限公司

编制日期：2025年5月

![](images/48792a5c995e3fc6f7cbefacef518510eadbd30df5fa25be1e4624a9e99b0e51.jpg)  
佛山浩石电子材花有局动料00

中华人民共和国生态环境部制

"
2025_佛山市生态环境局关于广东丰明电子科技有限公司扩建项目环境影响报告表的批复（无章）.pdf,80,E:\软件\mineru_extracted\2025_2025年2月24日建设项目环境影响报告书（表）受理公告（北滘）_3_mineru\full.md,2025_2025年2月24日建设项目环境影响报告书（表）受理公告（北滘）_3_mineru,unknown,广东丰明电子科技有限公司,,False,"# 建设项目环境影响报告表

（污染影响类）

项目名称：广东丰明电子科技有限公司扩建项目

建设单位（盖章）：广东丰明电子科技有限公司

编制日期：2024年12月

![](images/ff70158c752a991f78d65df85a9b0658f7010aee5fed3597b37fb3f30ff912eb.jpg)  
广州兴景环保科技有限公司

中华人民共和国生态环境部制

![]"
2025_佛山市生态环境局关于广东信诺纤维科技有限公司新建项目环境影响报告表的批复（无章）.pdf,80,E:\软件\mineru_extracted\2025_2025年11月10日建设项目环境影响报告书（表）受理公告（北滘）_mineru\full.md,2025_2025年11月10日建设项目环境影响报告书（表）受理公告（北滘）_mineru,unknown,广东信诺纤维科技有限公司,,False,"# 建设项目环境影响报告表

（污染影响类）

项目名称：广东信诺纤维科技有限公司新建项目

建设单位（盖章）：广东信诺有限公司

编制日期：2025年7月

![](images/d9265e8d6bb0e0dd1a0d47177ca82738289a8317cbaa6273236eb4a2bef71cf0.jpg)

![](images/d384bc4b88187f6a88c5faf4408"
2025_佛山市生态环境局关于广东斯柯纳电器制造有限公司建设项目环境影响报告表的批复.pdf,80,E:\软件\mineru_extracted\2025_2025年6月25日建设项目环境影响报告书（表）受理公告（北滘）_1_mineru\full.md,2025_2025年6月25日建设项目环境影响报告书（表）受理公告（北滘）_1_mineru,unknown,广东斯柯纳电器制造有限公司,,False,"# 建设项目环境影响报告表

（污染影响类）

![](images/38af718bf832346cb4277192fcd3c811c02e088f4f27ce65c69e306359951feb.jpg)  
沂柯纳电器制造有限公司 PI 元

# 项目名称：广东斯柯纳电器制造有限公司建设项目建设单位（盖章）：广东斯柯纳电器制造有限公司编制日期：2025年4月

![](images/99aa"
2025_佛山市生态环境局关于广东美的制冷设备有限公司两器库卡车间新建项目环境影响报告表的批复（无章）.pdf,80,E:\软件\mineru_extracted\2024_2024年7月26日建设项目环境影响报告书（表）受理公告（佛山市生态环境局顺德分局）_2_mineru\full.md,2024_2024年7月26日建设项目环境影响报告书（表）受理公告（佛山市生态环境局顺德分局）_2_mineru,unknown,广东美的制冷设备有限公司两器库卡车间,,False,"# 建设项目环境影响报告表

（污染影响类）

项目名称： 广东美的制冷设备有限公司淋涂生产线扩建项目

建设单位（盖章）： 广东美的制冷设备有限公司

编制日期： 2024 年 7 月

中华人民共和国生态环境部制

编制单位和编制人员情况表
<table><tr><td rowspan=1 colspan=2>项目编号</td><td rowspan=1 colspan=4>9qlkgm</t"
2025_佛环03环审〔2025〕144号佛山市生态环境局关于广东海协实业有限公司厂房八新建项目建设项目环境影响报告表的批复.pdf,80,E:\软件\mineru_extracted\2025_2025年2月12日建设项目环境影响报告书（表）受理公告（佛山市生态环境局顺德分局）_2_mineru\full.md,2025_2025年2月12日建设项目环境影响报告书（表）受理公告（佛山市生态环境局顺德分局）_2_mineru,unknown,广东海协实业有限公司厂房八,佛环03环审〔2025〕144号佛山市生态环,False,"# 建设项目环境影响报告表（污染影响类）

项目名称： 广东海协实业有限公司厂房八新建项目

建设单位（盖章）： 广东海协实业有限公司

编制日期： 2024 年 9 月

中华人民共和国生态环境部制

## 编制单位和编制人员情况表

<table><tr><td rowspan=1 colspan=3>项目编号</td><td rowspan=1 colspan=5>al3n7f</td></"
2025_佛环03环审〔2025〕160号佛山市生态环境局关于佛山市创有电器有限公司扩建项目建设项目环境影响报告表的批复.pdf,80,E:\软件\mineru_extracted\2025_2025年3月17日建设项目环境影响报告书（表）受理公告（佛山市生态环境局顺德分局）_4_mineru\full.md,2025_2025年3月17日建设项目环境影响报告书（表）受理公告（佛山市生态环境局顺德分局）_4_mineru,unknown,佛山市创有电器有限公司,佛环03环审〔2025〕160号佛山市生态环,False,"# 建设项目环境影响报告表

（污染影响类）

项目名称：佛山市创有电器有限公司扩建项目

建设单位（盖章）：佛山市创有电器有限公司

编制日期：2025 年2 月

中华人民共和国生态环境部制

## 编制单位和编制人员情况表

<table><tr><td rowspan=1 colspan=2>项目编号</td><td rowspan=1 colspan=2>1ck87r</td></tr>"
2025_佛环03环审〔2025〕190号佛山市生态环境局关于佛山市合盈丰新材料科技有限公司新建项目建设项目环境影响报告表的批复.pdf,80,E:\软件\mineru_extracted\2025_2025年3月12日建设项目环境影响报告书（表）受理公告（佛山市生态环境局顺德分局）_8_mineru\full.md,2025_2025年3月12日建设项目环境影响报告书（表）受理公告（佛山市生态环境局顺德分局）_8_mineru,unknown,佛山市合盈丰新材料科技有限公司,佛环03环审〔2025〕190号佛山市生态环,False,"# 建设项目环境影响报告表

（污染影响类）

项目名秋佛山市丰新材料科技有司新建

建设单位盖章：山市合盈丰新材料科技有限公司

编制日期： 2025年1月

![](images/7e09e84ff4a9b786384dee3887d5a795c546e48846dcbb5b55e4deb56302afc5.jpg)  
中江市合盈丰新材械物技有限公司 A农

中华人民共和国生态环境部制

编"
2025_佛环03环审〔2025〕210号佛山市生态环境局关于佛山市睿芯电线电缆有限公司迁改扩建项目建设项目环境影响报告表的批复.pdf,80,E:\软件\mineru_extracted\2025_2025年3月12日建设项目环境影响报告书（表）受理公告（佛山市生态环境局顺德分局）_3_mineru\full.md,2025_2025年3月12日建设项目环境影响报告书（表）受理公告（佛山市生态环境局顺德分局）_3_mineru,unknown,佛山市睿芯电线电缆有限公司迁改,佛环03环审〔2025〕210号佛山市生态环,False,"# 建设项目环境影响报告表

（污染影响类）

项目名称：佛山市睿芯电线电缆有限公迁改扩建项目

建设单位（盖章）：佛山市睿芯电线电缆有限公司

![](images/764d9f2c3baabfb8d2bf00790f5583809df7b029935ed2832ca6b89de75c6af4.jpg)  
佛山市寳芯电缆电缆有限公司 4406086568

编制日期：2025年3月

![]("
2025_佛环03环审〔2025〕226号佛山市生态环境局关于佛山市同创顺模具有限公司新建项目建设项目环境影响报告表的批复.pdf,80,E:\软件\mineru_extracted\2025_2025年5月29日建设项目环境影响报告书（表）受理公告（佛山市生态环境局顺德分局）_1_mineru\full.md,2025_2025年5月29日建设项目环境影响报告书（表）受理公告（佛山市生态环境局顺德分局）_1_mineru,unknown,佛山市同创顺模具有限公司,佛环03环审〔2025〕226号佛山市生态环,False,"# 建设项目环境影响报告表

（污染影响类）

项目名称：佛山市同创顺模具有限公司新建项目

建设单位（盖章）：佛山市同创顺模具有限公司

编制日期：2025年5月

![](images/0c50ed95e193b95b73b0fca4d986d670dbc996c02cc1867bb8ffdcc7b021a0f9.jpg)

<details>
<summary>text_image</sum"
2025_佛环03环审〔2025〕228号佛山市生态环境局关于广东新键宇仓储设备有限公司新建项目建设项目环境影响报告表的批复.pdf,80,E:\软件\mineru_extracted\2025_2025年7月3日建设项目环境影响报告书（表）受理公告（佛山市生态环境局顺德分局）_mineru\full.md,2025_2025年7月3日建设项目环境影响报告书（表）受理公告（佛山市生态环境局顺德分局）_mineru,unknown,广东新键宇仓储设备有限公司,佛环03环审〔2025〕228号佛山市生态环,False,"# 建设项目环境影响报告表

（污染影响类）

项目名称：广东新键宇仓储设备有限公司新建项目

建设单位（盖章）：广东新键宇仓储设备有限公司

![](images/31a3fb26b0e276acf11be63092bdf115e21a4af6cc23ce04e8b13568755eee32.jpg)  
22063502000

编制日期：2025年2月

中华人民共和国生态环境部制

编制单"
2025_佛环03环审〔2025〕231号佛山市生态环境局关于佛山市顺德鑫还宝资源利用有限公司废弃电动自行车拆解技术改造项目建设项目环境影响报告表的批复.pdf,80,E:\软件\mineru_extracted\2025_2025年6月25日建设项目环境影响报告书（表）受理公告（佛山市生态环境局顺德分局）_mineru\full.md,2025_2025年6月25日建设项目环境影响报告书（表）受理公告（佛山市生态环境局顺德分局）_mineru,unknown,佛山市顺德鑫还宝资源利用有限公司废弃电动自行车拆解,佛环03环审〔2025〕231号佛山市生态环,False,"# 建设项目环境影响报告表（污染影响类）

![](images/f5eb6e6c74c13e6cd1f19f5f48f2034ac74f385c4e3a82c2d7ae4f29bf1ec121.jpg)

建设单位（盖章）：佛山市顺德鑫还宝资原利用有限公司

![](images/3bfd8ed1dc3f7b00a9ddc3101457d36c28d9f2214bee5a6ef1fa9c8ba8"
2025_佛环03环审〔2025〕265号佛山市生态环境局关于广东顺德明卿木业有限公司新建项目建设项目环境影响报告表的批复.pdf,80,E:\软件\mineru_extracted\2024_2024年10月22日建设项目环境影响报告书（表）受理公告（佛山市生态环境局顺德分局）_6_mineru\full.md,2024_2024年10月22日建设项目环境影响报告书（表）受理公告（佛山市生态环境局顺德分局）_6_mineru,unknown,广东顺德明卿木业有限公司,佛环03环审〔2025〕265号佛山市生态环,False,"# 建设项目环境影响报告表

（污染影响类）

广东顺德明卿木业有限公司新建广东顺德明 二零二四

![](images/891662449f92ba31131e11aa221eb8738c0e4f41c12f4e1bb4ff03675b7ad05e.jpg)

<details>
<summary>text_image</summary>

中华人民共和国生态环境部制
</details>

!"
2025_佛环03环审〔2025〕285号佛山市生态环境局关于佛山市致家工艺制品有限公司新建项目建设项目环境影响报告表的批复.pdf,80,E:\软件\mineru_extracted\2025_2025年8月4日建设项目环境影响报告书（表）受理公告（佛山市生态环境局顺德分局）_mineru\full.md,2025_2025年8月4日建设项目环境影响报告书（表）受理公告（佛山市生态环境局顺德分局）_mineru,unknown,佛山市致家工艺制品有限公司,佛环03环审〔2025〕285号佛山市生态环,False,"# 建设项目环境影响报告表

(污染影响类)

项目名称：佛山市致家工艺制品有限公司新建项目建设单位（盖章）：佛山市致家工艺制品有限公司编制日期：2025年7月

![](images/2f0f56b582c842bca882b721e3e9253fedf5c0b54c3e961f5d4bf474e8e80667.jpg)

<details>
<summary>text_image</summa"
2025_佛环03环审〔2025〕288号佛山市生态环境局关于佛山市顺德鑫科宏久电器有限公司新建项目建设项目环境影响报告表的批复.pdf,80,E:\软件\mineru_extracted\2025_2025年6月25日建设项目环境影响报告书（表）受理公告（佛山市生态环境局顺德分局）_mineru\full.md,2025_2025年6月25日建设项目环境影响报告书（表）受理公告（佛山市生态环境局顺德分局）_mineru,unknown,佛山市顺德鑫科宏久电器有限公司,佛环03环审〔2025〕288号佛山市生态环,False,"# 建设项目环境影响报告表（污染影响类）

![](images/f5eb6e6c74c13e6cd1f19f5f48f2034ac74f385c4e3a82c2d7ae4f29bf1ec121.jpg)

建设单位（盖章）：佛山市顺德鑫还宝资原利用有限公司

![](images/3bfd8ed1dc3f7b00a9ddc3101457d36c28d9f2214bee5a6ef1fa9c8ba8"
2025_佛环03环审〔2025〕364号佛山市生态环境局关于佛山市倍奇模具科技有限公司扩建项目建设项目环境影响报告表的批复.pdf,80,E:\软件\mineru_extracted\2024_2024年9月10日建设项目环境影响报告书（表）受理公告（北滘）_2_mineru\full.md,2024_2024年9月10日建设项目环境影响报告书（表）受理公告（北滘）_2_mineru,unknown,佛山市倍奇模具科技有限公司,佛环03环审〔2025〕364号佛山市生态环,False,"# 建设项目环境影响报告表

（污染影响类）

![](images/0e993fb03e2102f8377a544b672e31a7fd486e3cd6693658aa52aee516a72205.jpg)

![](images/fa9de8f0612cb1fcf72b7654ef9b03b4b4db70f8df1b5bcdb084aa0a298cdb69.jpg)

# 项目名称：佛山市倍奇"
2026_佛山市生态环境局关于佛山市宏麟精密模具有限公司新建项目环境影响报告表的批复（无章）.pdf,80,E:\软件\mineru_extracted\2026_2026年3月19日建设项目环境影响报告书（表）受理公告（北滘）_mineru\full.md,2026_2026年3月19日建设项目环境影响报告书（表）受理公告（北滘）_mineru,unknown,佛山市宏麟精密模具有限公司,,False,"# 建设项目环境影响报告表

（污染影响类）

![](images/399e9885a10a23d6a7454f89fb8910d8f6551101ba7faf1ba3cb328806ba622f.jpg)  
佛山市宏麟精密模具有限公司 C

# 项目名称：佛山市宏麟精密模具有限公司新建项目建设单位（盖章）：佛山市宏麟精密模具有限公司编制日期：2026年2月

![](images/1970d"
2026_佛山市生态环境局关于和曦细胞实验室新建项目环境影响报告表的批复（无章）.pdf,80,E:\软件\mineru_extracted\2026_2026年1月28日建设项目环境影响报告书（表）受理公告（北滘）_mineru\full.md,2026_2026年1月28日建设项目环境影响报告书（表）受理公告（北滘）_mineru,unknown,和曦细胞实验室,,False,"# 建设项目环境影响报告表（污染影响类）

![](images/e7d525b9051396ca046e59406c1b9652524e3ececb75f31f92c35168f78ab4f3.jpg)  
海市顺德区美荟管理服务有限公司

项目名称： 和曦细胞实验室新建项目

建设单位（盖章）：佛山市顺德区美荟管理服务有限公司编制日期：2026年 有

![](images/e5b629aee"
2026_佛山市生态环境局关于容桂外环路快速化改造工程（华天路-建业路段)建设项目环境影响报告表的批复.pdf,80,E:\软件\mineru_extracted\2025_2025年2月8日建设项目环境影响报告表受理公告（容桂）_2_mineru\full.md,2025_2025年2月8日建设项目环境影响报告表受理公告（容桂）_2_mineru,unknown,容桂外环路快速化改造工程（华天路-建业路段),,False,"# （生态影响类）（生态影响类）

名称： 容桂外环路快速化改造工程（华天路-建业

建设单位（盖章）：广东顺德中心城区投资开发有限公司

编制日期： 2025年1月

中华人民和国生态境部制

![](images/1354cbd0a1ccab76cc0aab1649057bae9e55f07501df1ec602340db914a68203.jpg)  
广东顺德环境科学研究院有限公司 110"
2026_佛环0305环审〔2026〕4号【佛山市生态环境局关于佛山市利和众科技有限公司新建项目建设项目环境影响报告表的批复】（公示版）.pdf,80,E:\软件\mineru_extracted\2026_2026年4月8日建设项目环境影响报告受理公告（陈村）_1_mineru\full.md,2026_2026年4月8日建设项目环境影响报告受理公告（陈村）_1_mineru,unknown,佛山市利和众科技有限公司,佛环0305环审〔2026〕4号【佛山市生态,False,"# （污染影响类）

项目名称：佛山市利和众科技限公司新建项目

建设单位（盖章）：佛山利和科限公司

编制日期：2026年1月

![](images/95cc44556d2bb33b656c281718f20d61fe36505dd1d8ad528626073651ecf3b6.jpg)  
佛国市利和众科技有限公司 4406064810306

中华人民共和国生态环境部制

![](imag"
2026_佛环03环审〔2026〕123号佛山市生态环境局关于佛山市旭乾五金制品有限公司新建项目建设项目环境影响报告表的批复.pdf,80,E:\软件\mineru_extracted\2026_2026年4月22日建设项目环境影响报告表受理公告（佛山市生态环境局顺德分局）_2_mineru\full.md,2026_2026年4月22日建设项目环境影响报告表受理公告（佛山市生态环境局顺德分局）_2_mineru,unknown,佛山市旭乾五金制品有限公司,佛环03环审〔2026〕123号佛山市生态环,False,"# 建设项目环境影响报告表

（污染影响类）

![](images/77eefcc6d3f99567cd7ff7ee294318bc0c259005b158609df9f096d0fed80ac9.jpg)  
旭乾五金制品有限公司 P C

项目名称：佛山市旭乾五金制品有限公司高性能五金件智能化制造基地

建设单位（盖章）： 佛山市旭乾五金制品有限公司

编制日期： 年 月

中华人民共和国生"
2026_佛环03环审〔2026〕128号佛山市生态环境局关于佛山市奥特龙电器科技有限公司新建项目建设项目环境影响报告表的批复.pdf,80,E:\软件\mineru_extracted\2026_2026年1月27日建设项目环境影响报告表受理公告（佛山市生态环境局顺德分局）_4_mineru\full.md,2026_2026年1月27日建设项目环境影响报告表受理公告（佛山市生态环境局顺德分局）_4_mineru,unknown,佛山市奥特龙电器科技有限公司,佛环03环审〔2026〕128号佛山市生态环,False,"# 建设项目环境影响报告表

（污染影响类）

项目名称：佛山市奥特龙电器科技有限公司新建项目

建设单位（盖章）：佛山市奥

编制日期：20

中华）

# 建设项目环境影响报告表

（污染影响类）

项目名称：佛山市奥特龙电器科技有限公司新建项目

建设单位（盖章)：佛山市奥特龙电器科技有限公司

编制日期：2025年10月

中华人民共和国生态环境部制

编制单位和编制人员情况表
<tabl"
2026_佛环03环审〔2026〕12号佛山市生态环境局关于佛山市顺德盛鑫艺金属表面处理有限公司改扩建项目建设项目环境影响报告表的批复.pdf,80,E:\软件\mineru_extracted\2024_2024年6月19日建设项目环境影响报告书（表）受理公告（佛山市生态环境局顺德分局）_6_mineru\full.md,2024_2024年6月19日建设项目环境影响报告书（表）受理公告（佛山市生态环境局顺德分局）_6_mineru,unknown,佛山市顺德盛鑫艺金属表面处理有限公司改,佛环03环审〔2026〕12号佛山市生态环境,False,"# 建设项目环境影响报告表

（污染影响类）

# 项目名称：佛山市顺德盛鑫艺金属表面处理有限公司新建项目重新报批理有限公司

建设单位（盖章）：佛山市顺德盛鑫艺金属表面处理有限公司 金

编制日期：2024年6月

中华人民共和国生态环境部制

![](images/6b28b61a1c2d6472dbc5cfafddec5dce4b1f2b89cde563a78836fd99ac3db670."
2026_佛环03环审〔2026〕131号佛山市生态环境局关于佛山市智悦橡塑有限公司新建项目建设项目环境影响报告表的批复.pdf,80,E:\软件\mineru_extracted\2026_2026年5月6日建设项目环境影响报告表受理公告（佛山市生态环境局顺德分局）_6_mineru\full.md,2026_2026年5月6日建设项目环境影响报告表受理公告（佛山市生态环境局顺德分局）_6_mineru,unknown,佛山市智悦橡塑有限公司,佛环03环审〔2026〕131号佛山市生态环,False,"# 建设项目环境影响报告表

项目名称：佛山市智悦橡 建设单位（盖章）：佛山

编制日期： 二〇

![](images/076b00ae7c2d7bc33bcb680262ba4b8709983dfc5f1e2a9947015635de702597.jpg)

<details>
<summary>text_image</summary>

有限公司新建项目
橡塑有限公司
年四月
4408084"
2026_佛环03环审〔2026〕23号佛山市生态环境局关于佛山市胶点新材料有限公司新建项目建设项目环境影响报告表的批复.pdf,80,E:\软件\mineru_extracted\2025_2025年12月8日建设项目环境影响报告表受理公告（佛山市生态环境局顺德分局）_2_mineru\full.md,2025_2025年12月8日建设项目环境影响报告表受理公告（佛山市生态环境局顺德分局）_2_mineru,unknown,佛山市胶点新材料有限公司,佛环03环审〔2026〕23号佛山市生态环境,False,"# 建设项目环境影响报告表

（污染影响类）

项目名称：佛山市胶点新材料有限公司新建项目

建设单位（盖章）：佛山市胶点新材料有限公司

编制日期：2025年 11月

中华人民共和国生态环境部制

<table><tr><td rowspan=2 colspan=5>项目编号</td><td rowspan=2 colspan=3>fi7t12</td></tr><tr></tr><tr><t"
2026_佛环03环审〔2026〕52号佛山市生态环境局关于顺德高新区二期河涌及排涝设施项目（首期）之新联涌1_及原址整治蒲海大涌2_建设项目建设项目环境影响报告表的批复.pdf,80,E:\软件\mineru_extracted\2025_2025年12月10日建设项目环境影响报告表受理公告（佛山市生态环境局顺德分局）_2_mineru\full.md,2025_2025年12月10日建设项目环境影响报告表受理公告（佛山市生态环境局顺德分局）_2_mineru,unknown,顺德高新区二期河涌及排涝设施项目（首期）之新联涌1_及原址整治蒲海大涌2_,佛环03环审〔2026〕52号佛山市生态环境,False,"# 建设项目环境影响报告表

（生态影响类）

# 项目名称：顺德高新区二期河涌及排涝设施项目（首期）之新联涌1#及原址整治蒲海大涌2#建设项目

建设单位（盖章）：佛山市顺德高新技术产业开发区管理委员会

编制日期： 2025 年 11 月

中华人民共和国生态环境部制

## 编制单位和编制人员情况表

![](images/b13d70a575497a9e6eedd1cb6c8bee8c22"
2026_佛环03环审〔2026〕64号佛山市生态环境局关于佛山荣烁塑料有限公司新建项目建设项目环境影响报告表的批复.pdf,80,E:\软件\mineru_extracted\2026_2026年1月27日建设项目环境影响报告表受理公告（佛山市生态环境局顺德分局）_2_mineru\full.md,2026_2026年1月27日建设项目环境影响报告表受理公告（佛山市生态环境局顺德分局）_2_mineru,unknown,佛山荣烁塑料有限公司,佛环03环审〔2026〕64号佛山市生态环境,False,"# 建设项目环境影响报告表（污染影响类）

项目名称：佛山荣烁塑料有限公司新建项

建设单位（盖章）佛山荣烁塑料有限公司有限公司

编制日期：2025年11月

中华人民和国生态环境部

编制单位和编制人员情况表

![](images/0da62ade531451e762118b1ad80632776be64f371796cbbafd6cbde5d659886e.jpg)  
9佛山荣练

<t"
2026_佛环03环审〔2026〕67号佛山市生态环境局关于佛山市明昇真空科技有限公司新建项目建设项目环境影响报告表的批复.pdf,80,E:\软件\mineru_extracted\2026_2026年1月26日建设项目环境影响报告表受理公告（佛山市生态环境局顺德分局）_2_mineru\full.md,2026_2026年1月26日建设项目环境影响报告表受理公告（佛山市生态环境局顺德分局）_2_mineru,unknown,佛山市明昇真空科技有限公司,佛环03环审〔2026〕67号佛山市生态环境,False,"# 建设项目环境影响报告表

（污染影响类）

项目名称： 佛山市明昇真空科技有限公司新建项目

![](images/047dd48dfe9298dcbbbcd5117b2fd6dad4668df7dfdcae12071a07fc34fc7432.jpg)  
佛山市明昇具工科技有限公司

建设单位（盖章）： 佛山市明昇真空科技有限公司

编制日期： 2026 年 1 月

![](images"
2026_佛环03环审〔2026〕6号佛山市生态环境局关于佛山市印得佳科技有限公司新建项目建设项目环境影响报告表的批复.pdf,80,E:\软件\mineru_extracted\2025_2025年11月13日建设项目环境影响报告表受理公告（佛山市生态环境局顺德分局）_4_mineru\full.md,2025_2025年11月13日建设项目环境影响报告表受理公告（佛山市生态环境局顺德分局）_4_mineru,unknown,佛山市印得佳科技有限公司,佛环03环审〔2026〕6号佛山市生态环境局,False,"# 建设项目环境影响报告表（污染影响类）

项目名称：佛山市印得佳科技有限

建设单位（盖章）：佛山市印得佳

编制日期：二O二五年十

中华人民共和国生

![](images/8edfcfb32bb631d0ae05c312925947cd40ac09f57212125d174c74a32ad42a3c.jpg)  
佛小帝非得生科技有限公司 4406064577559

![](images"
2026_佛环03环审〔2026〕71号佛山市生态环境局关于佛山市奥特龙新材料有限公司扩建项目建设项目环境影响报告表的批复.pdf,80,E:\软件\mineru_extracted\2026_2026年1月27日建设项目环境影响报告表受理公告（佛山市生态环境局顺德分局）_4_mineru\full.md,2026_2026年1月27日建设项目环境影响报告表受理公告（佛山市生态环境局顺德分局）_4_mineru,unknown,佛山市奥特龙新材料有限公司,佛环03环审〔2026〕71号佛山市生态环境,False,"# 建设项目环境影响报告表

（污染影响类）

项目名称：佛山市奥特龙电器科技有限公司新建项目

建设单位（盖章）：佛山市奥

编制日期：20

中华）

# 建设项目环境影响报告表

（污染影响类）

项目名称：佛山市奥特龙电器科技有限公司新建项目

建设单位（盖章)：佛山市奥特龙电器科技有限公司

编制日期：2025年10月

中华人民共和国生态环境部制

编制单位和编制人员情况表
<tabl"
2026_佛环03环审〔2026〕76号佛山市生态环境局关于佛山熊盛模具有限公司新建项目建设项目环境影响报告表的批复.pdf,80,E:\软件\mineru_extracted\2026_2026年1月27日建设项目环境影响报告表受理公告（佛山市生态环境局顺德分局）_1_mineru\full.md,2026_2026年1月27日建设项目环境影响报告表受理公告（佛山市生态环境局顺德分局）_1_mineru,unknown,佛山熊盛模具有限公司,佛环03环审〔2026〕76号佛山市生态环境,False,"# 建设项目环境影响报告表

（污染影响类）

项目名称：佛山熊盛模具有限公司新建项目

建设单位（盖章）：佛山熊盛模具有限公司

编制日期：2026年 1月

中华人民共和国生态环境部制

编制单位和编制人员情况表
<table><tr><td rowspan=1 colspan=5>项目编号</td><td rowspan=1 colspan=3>qm4u01</td></tr><tr><td"
2026_佛环03环审〔2026〕96号佛山市生态环境局关于广东美的厨房电器制造有限公司顺德第三分厂扩建项目重新报批建设项目环境影响报告表的批复.pdf,80,E:\软件\mineru_extracted\2024_2024年8月8日建设项目环境影响报告书（表）受理公告（佛山市生态环境局顺德分局）_1_mineru\full.md,2024_2024年8月8日建设项目环境影响报告书（表）受理公告（佛山市生态环境局顺德分局）_1_mineru,unknown,广东美的厨房电器制造有限公司顺德第三分厂,佛环03环审〔2026〕96号佛山市生态环境,False,"# 建设项目环境影响报告表

（污染影响类）

项目名称：广东美的厨房电器制造有限公司顺德第三分厂扩建项

建设单位（盖章）：广东美的厨房电器制造有限公司

![](images/5d957d0ba444e18d23d67bf1e6530313251f5bd48558eb7daa8caf2c2038d35d.jpg)

编制日期：2024 年 08 月

中华人民和国生态环境部制

![](ima"
2026_佛环03环审〔2026〕98号佛山市生态环境局关于佛山市木音新材料科技有限公司新建项目建设项目环境影响报告表的批复.pdf,80,E:\软件\mineru_extracted\2026_2026年4月7日建设项目环境影响报告表受理公告（佛山市生态环境局顺德分局）_3_mineru\full.md,2026_2026年4月7日建设项目环境影响报告表受理公告（佛山市生态环境局顺德分局）_3_mineru,unknown,佛山市木音新材料科技有限公司,佛环03环审〔2026〕98号佛山市生态环境,False,"# 建设项目环境影响报告表（污染影响类）

项目名称：佛山市木音新材料科技有限公司新建项目

编制日期：2026年4月

![](images/a05d4721b7f9591421d08caff0d1a1746111cbccc75ad634b4ef9b9d81786554.jpg)  
佛山市智新材料科技有限公司 4406064855126

中华人民共和国生态环境部制

![](images/1"
