rule_id,source_qa_id,project_id,company,industry_code,element,evidence_level,evidence_status
RULE_C1432_危废_新建,P0013_危废,P0013,佛山市肽裕金属制品有限公司,C1432,危废,C,partial_evidence
RULE_C1432_噪声_新建,P0144_噪声,P0144,佛山市宏麟精密模具有限公司,C1432,噪声,C,partial_evidence
RULE_C1432_废气_新建,P0013_废气,P0013,佛山市肽裕金属制品有限公司,C1432,废气,C,partial_evidence
RULE_C1432_废气_新建,P0144_废气,P0144,佛山市宏麟精密模具有限公司,C1432,废气,C,partial_evidence
RULE_C1432_废水_新建,P0013_废水,P0013,佛山市肽裕金属制品有限公司,C1432,废水,B,auto_verified
RULE_C1432_废水_新建,P0144_废水,P0144,佛山市宏麟精密模具有限公司,C1432,废水,B,auto_verified
RULE_C1499_废气_新建,P0191_废气,P0191,佛山市顺德区千品赛食品有限公司,C1499,废气,C,partial_evidence
RULE_C1499_废水_新建,P0191_废水,P0191,佛山市顺德区千品赛食品有限公司,C1499,废水,C,partial_evidence
RULE_C1953_噪声_新建,P0185_噪声,P0185,佛山市顺德区童优汇鞋业有限公司,C1953,噪声,C,partial_evidence
RULE_C1953_废气_新建,P0185_废气,P0185,佛山市顺德区童优汇鞋业有限公司,C1953,废气,C,partial_evidence
RULE_C1953_废水_新建,P0185_废水,P0185,佛山市顺德区童优汇鞋业有限公司,C1953,废水,C,partial_evidence
RULE_C2034_危废_新建,P0123_危废,P0123,广东顺德明卿木业有限公司,C2034,危废,C,partial_evidence
RULE_C2034_噪声_新建,P0123_噪声,P0123,广东顺德明卿木业有限公司,C2034,噪声,C,partial_evidence
RULE_C2034_废气_新建,P0123_废气,P0123,广东顺德明卿木业有限公司,C2034,废气,A,double_verified
RULE_C2034_废气_新建,P0123_废气,P0123,广东顺德明卿木业有限公司,C2034,废气,A,double_verified
RULE_C2034_废气_新建,P0123_废气,P0123,广东顺德明卿木业有限公司,C2034,废气,A,double_verified
RULE_C2034_废气_新建,P0123_废气,P0123,广东顺德明卿木业有限公司,C2034,废气,A,double_verified
RULE_C2231_危废_扩建,P0031_危废,P0031,佛山市顺德区优菲电器科技有限公司迁,C2231,危废,C,partial_evidence
RULE_C2231_噪声_扩建,P0031_噪声,P0031,佛山市顺德区优菲电器科技有限公司迁,C2231,噪声,C,partial_evidence
RULE_C2231_噪声_扩建,P0031_噪声,P0031,佛山市顺德区优菲电器科技有限公司迁,C2231,噪声,C,partial_evidence
RULE_C2231_固废_扩建,P0031_固废,P0031,佛山市顺德区优菲电器科技有限公司迁,C2231,固废,C,partial_evidence
RULE_C2231_废气_扩建,P0031_废气,P0031,佛山市顺德区优菲电器科技有限公司迁,C2231,废气,C,partial_evidence
RULE_C2231_废水_扩建,P0031_废水,P0031,佛山市顺德区优菲电器科技有限公司迁,C2231,废水,C,partial_evidence
RULE_C2231_环境管理_扩建,P0031_环境管理,P0031,佛山市顺德区优菲电器科技有限公司迁,C2231,环境管理,C,partial_evidence
RULE_C2239_危废_新建,P0222_危废,P0222,佛山孚硅科技有限公司,C2239,危废,C,partial_evidence
RULE_C2239_噪声_新建,P0222_噪声,P0222,佛山孚硅科技有限公司,C2239,噪声,C,partial_evidence
RULE_C2239_废气_新建,P0222_废气,P0222,佛山孚硅科技有限公司,C2239,废气,B,auto_verified
RULE_C2239_废气_新建,P0222_废气,P0222,佛山孚硅科技有限公司,C2239,废气,B,auto_verified
RULE_C2239_废气_新建,P0222_废气,P0222,佛山孚硅科技有限公司,C2239,废气,B,auto_verified
RULE_C2641_危废_新建,P0224_危废,P0224,佛山市嘉昊阳新材料科技有限公司,C2641,危废,C,partial_evidence
RULE_C2641_噪声_新建,P0224_噪声,P0224,佛山市嘉昊阳新材料科技有限公司,C2641,噪声,C,partial_evidence
RULE_C2641_固废_新建,P0224_固废,P0224,佛山市嘉昊阳新材料科技有限公司,C2641,固废,C,partial_evidence
RULE_C2641_废气_新建,P0224_废气,P0224,佛山市嘉昊阳新材料科技有限公司,C2641,废气,C,partial_evidence
RULE_C2641_废水_新建,P0224_废水,P0224,佛山市嘉昊阳新材料科技有限公司,C2641,废水,C,partial_evidence
RULE_C2642_危废_新建,P0203_危废,P0203,佛山市聚和成新材料有限公司,C2642,危废,C,partial_evidence
RULE_C2642_危废_新建,P0220_危废,P0220,佛山市嘉昊阳新材料科技有限公司,C2642,危废,C,partial_evidence
RULE_C2642_噪声_新建,P0203_噪声,P0203,佛山市聚和成新材料有限公司,C2642,噪声,C,partial_evidence
RULE_C2642_噪声_新建,P0220_噪声,P0220,佛山市嘉昊阳新材料科技有限公司,C2642,噪声,C,partial_evidence
RULE_C2642_固废_新建,P0220_固废,P0220,佛山市嘉昊阳新材料科技有限公司,C2642,固废,C,partial_evidence
RULE_C2642_废气_新建,P0203_废气,P0203,佛山市聚和成新材料有限公司,C2642,废气,C,partial_evidence
RULE_C2642_废气_新建,P0203_废气,P0203,佛山市聚和成新材料有限公司,C2642,废气,C,partial_evidence
RULE_C2642_废气_新建,P0220_废气,P0220,佛山市嘉昊阳新材料科技有限公司,C2642,废气,C,partial_evidence
RULE_C2642_废水_新建,P0220_废水,P0220,佛山市嘉昊阳新材料科技有限公司,C2642,废水,C,partial_evidence
RULE_C2913_危废_扩建,P0227_危废,P0227,佛山市顺誉电子科技有限公司,C2913,危废,C,partial_evidence
RULE_C2913_噪声_扩建,P0227_噪声,P0227,佛山市顺誉电子科技有限公司,C2913,噪声,C,partial_evidence
RULE_C2913_噪声_新建,P0187_噪声,P0187,佛山市顺德区昶新塑料制品有限公司顺德分公司,C2913,噪声,C,partial_evidence
RULE_C2913_废气_扩建,P0227_废气,P0227,佛山市顺誉电子科技有限公司,C2913,废气,B,auto_verified
RULE_C2913_废气_扩建,P0227_废气,P0227,佛山市顺誉电子科技有限公司,C2913,废气,B,auto_verified
RULE_C2913_废气_扩建,P0227_废气,P0227,佛山市顺誉电子科技有限公司,C2913,废气,B,auto_verified
RULE_C2913_废气_扩建,P0227_废气,P0227,佛山市顺誉电子科技有限公司,C2913,废气,B,auto_verified
RULE_C2913_废气_新建,P0187_废气,P0187,佛山市顺德区昶新塑料制品有限公司顺德分公司,C2913,废气,C,partial_evidence
RULE_C2913_废水_新建,P0187_废水,P0187,佛山市顺德区昶新塑料制品有限公司顺德分公司,C2913,废水,C,partial_evidence
RULE_C2919_危废_新建,P0226_危废,P0226,佛山市智悦橡塑有限公司,C2919,危废,C,partial_evidence
RULE_C2919_噪声_新建,P0226_噪声,P0226,佛山市智悦橡塑有限公司,C2919,噪声,C,partial_evidence
RULE_C2919_废气_新建,P0226_废气,P0226,佛山市智悦橡塑有限公司,C2919,废气,C,partial_evidence
RULE_C2921_危废_新建,P0194_危废,P0194,佛山市顺德区森晖莹新材料有限公司,C2921,危废,C,partial_evidence
RULE_C2921_噪声_新建,P0194_噪声,P0194,佛山市顺德区森晖莹新材料有限公司,C2921,噪声,C,partial_evidence
RULE_C2921_噪声_新建,P0194_噪声,P0194,佛山市顺德区森晖莹新材料有限公司,C2921,噪声,C,partial_evidence
RULE_C2921_废气_新建,P0046_废气,P0046,佛山市玉大包装材料有限公司,C2921,废气,A,double_verified
RULE_C2921_废气_新建,P0194_废气,P0194,佛山市顺德区森晖莹新材料有限公司,C2921,废气,A,double_verified
RULE_C2921_废气_新建,P0194_废气,P0194,佛山市顺德区森晖莹新材料有限公司,C2921,废气,A,double_verified
RULE_C2921_废气_新建,P0194_废气,P0194,佛山市顺德区森晖莹新材料有限公司,C2921,废气,A,double_verified
RULE_C2921_废气_新建,P0194_废气,P0194,佛山市顺德区森晖莹新材料有限公司,C2921,废气,A,double_verified
RULE_C2921_废水_新建,P0046_废水,P0046,佛山市玉大包装材料有限公司,C2921,废水,C,partial_evidence
RULE_C2922_危废_技改,P0014_危废,P0014,佛山市顺德区朗恩光电有限公司搬迁,C2922,危废,C,partial_evidence
RULE_C2922_危废_新建,P0143_危废,P0143,佛山市木音新材料科技有限公司,C2922,危废,C,partial_evidence
RULE_C2922_危废_新建,P0225_危废,P0225,佛山市嘉昊阳新材料科技有限公司,C2922,危废,C,partial_evidence
RULE_C2922_噪声_技改,P0014_噪声,P0014,佛山市顺德区朗恩光电有限公司搬迁,C2922,噪声,C,partial_evidence
RULE_C2922_噪声_新建,P0003_噪声,P0003,佛山市顺德区顺盈达塑料五金厂,C2922,噪声,C,partial_evidence
RULE_C2922_噪声_新建,P0040_噪声,P0040,佛山市顺德区特丰塑料制品有限公司迁,C2922,噪声,C,partial_evidence
RULE_C2922_噪声_新建,P0084_噪声,P0084,佛山市顺德区特丰塑料制品有限公司迁,C2922,噪声,C,partial_evidence
RULE_C2922_噪声_新建,P0225_噪声,P0225,佛山市嘉昊阳新材料科技有限公司,C2922,噪声,C,partial_evidence
RULE_C2922_固废_技改,P0014_固废,P0014,佛山市顺德区朗恩光电有限公司搬迁,C2922,固废,C,partial_evidence
RULE_C2922_固废_新建,P0225_固废,P0225,佛山市嘉昊阳新材料科技有限公司,C2922,固废,C,partial_evidence
RULE_C2922_废气_技改,P0014_废气,P0014,佛山市顺德区朗恩光电有限公司搬迁,C2922,废气,C,partial_evidence
RULE_C2922_废气_新建,P0003_废气,P0003,佛山市顺德区顺盈达塑料五金厂,C2922,废气,C,partial_evidence
RULE_C2922_废气_新建,P0040_废气,P0040,佛山市顺德区特丰塑料制品有限公司迁,C2922,废气,C,partial_evidence
RULE_C2922_废气_新建,P0084_废气,P0084,佛山市顺德区特丰塑料制品有限公司迁,C2922,废气,C,partial_evidence
RULE_C2922_废气_新建,P0143_废气,P0143,佛山市木音新材料科技有限公司,C2922,废气,C,partial_evidence
RULE_C2922_废气_新建,P0143_废气,P0143,佛山市木音新材料科技有限公司,C2922,废气,C,partial_evidence
RULE_C2922_废水_技改,P0014_废水,P0014,佛山市顺德区朗恩光电有限公司搬迁,C2922,废水,C,partial_evidence
RULE_C2922_废水_新建,P0003_废水,P0003,佛山市顺德区顺盈达塑料五金厂,C2922,废水,A,double_verified
RULE_C2922_废水_新建,P0040_废水,P0040,佛山市顺德区特丰塑料制品有限公司迁,C2922,废水,A,double_verified
RULE_C2922_废水_新建,P0084_废水,P0084,佛山市顺德区特丰塑料制品有限公司迁,C2922,废水,A,double_verified
RULE_C2922_废水_新建,P0225_废水,P0225,佛山市嘉昊阳新材料科技有限公司,C2922,废水,A,double_verified
RULE_C2922_环境管理_新建,P0003_环境管理,P0003,佛山市顺德区顺盈达塑料五金厂,C2922,环境管理,C,partial_evidence
RULE_C2926_危废_扩建,P0193_危废,P0193,佛山市顺德区德鑫隆五金塑胶制品有限公司,C2926,危废,C,partial_evidence
RULE_C2926_危废_新建,P0071_危废,P0071,佛山市顺德区德鑫隆五金塑胶制品有限公司,C2926,危废,C,partial_evidence
RULE_C2926_危废_新建,P0188_危废,P0188,佛山市聚和成新材料有限公司,C2926,危废,C,partial_evidence
RULE_C2926_危废_新建,P0204_危废,P0204,佛山市通旺智能科技有限公司,C2926,危废,C,partial_evidence
RULE_C2926_噪声_新建,P0045_噪声,P0045,佛山市真本包装科技有限公司,C2926,噪声,C,partial_evidence
RULE_C2926_噪声_新建,P0188_噪声,P0188,佛山市聚和成新材料有限公司,C2926,噪声,C,partial_evidence
RULE_C2926_噪声_新建,P0196_噪声,P0196,佛山安丰辰模塑有限公司,C2926,噪声,C,partial_evidence
RULE_C2926_噪声_新建,P0204_噪声,P0204,佛山市通旺智能科技有限公司,C2926,噪声,C,partial_evidence
RULE_C2926_固废_扩建,P0193_固废,P0193,佛山市顺德区德鑫隆五金塑胶制品有限公司,C2926,固废,C,partial_evidence
RULE_C2926_固废_新建,P0071_固废,P0071,佛山市顺德区德鑫隆五金塑胶制品有限公司,C2926,固废,C,partial_evidence
RULE_C2926_废气_扩建,P0193_废气,P0193,佛山市顺德区德鑫隆五金塑胶制品有限公司,C2926,废气,C,partial_evidence
RULE_C2926_废气_新建,P0045_废气,P0045,佛山市真本包装科技有限公司,C2926,废气,C,partial_evidence
RULE_C2926_废气_新建,P0071_废气,P0071,佛山市顺德区德鑫隆五金塑胶制品有限公司,C2926,废气,C,partial_evidence
RULE_C2926_废气_新建,P0188_废气,P0188,佛山市聚和成新材料有限公司,C2926,废气,C,partial_evidence
RULE_C2926_废气_新建,P0188_废气,P0188,佛山市聚和成新材料有限公司,C2926,废气,C,partial_evidence
RULE_C2926_废气_新建,P0196_废气,P0196,佛山安丰辰模塑有限公司,C2926,废气,C,partial_evidence
RULE_C2926_废水_扩建,P0193_废水,P0193,佛山市顺德区德鑫隆五金塑胶制品有限公司,C2926,废水,C,partial_evidence
RULE_C2926_废水_新建,P0045_废水,P0045,佛山市真本包装科技有限公司,C2926,废水,C,partial_evidence
RULE_C2926_废水_新建,P0071_废水,P0071,佛山市顺德区德鑫隆五金塑胶制品有限公司,C2926,废水,C,partial_evidence
RULE_C2926_废水_新建,P0196_废水,P0196,佛山安丰辰模塑有限公司,C2926,废水,C,partial_evidence
RULE_C2929_危废_扩建,P0102_危废,P0102,佛山市智龙科技有限公司迁,C2929,危废,C,partial_evidence
RULE_C2929_危废_扩建,P0179_危废,P0179,佛山市顺德区晨瑞塑胶有限公司迁,C2929,危废,C,partial_evidence
RULE_C2929_危废_新建,P0051_危废,P0051,佛山市顺德区达镕模具实业有限公司,C2929,危废,C,partial_evidence
RULE_C2929_危废_新建,P0066_危废,P0066,佛山市大隅新材料有限公司,C2929,危废,C,partial_evidence
RULE_C2929_危废_新建,P0069_危废,P0069,佛山市顺康荣新材料科技有限公司,C2929,危废,C,partial_evidence
RULE_C2929_危废_新建,P0112_危废,P0112,佛山市彩特新材料有限公司,C2929,危废,C,partial_evidence
RULE_C2929_危废_新建,P0131_危废,P0131,佛山市顺德区振峰塑料模具制造有限公司分车间,C2929,危废,C,partial_evidence
RULE_C2929_噪声_扩建,P0064_噪声,P0064,佛山市顺德区恒百健塑料制品有限公司第二分公司,C2929,噪声,A,double_verified
RULE_C2929_噪声_扩建,P0102_噪声,P0102,佛山市智龙科技有限公司迁,C2929,噪声,A,double_verified
RULE_C2929_噪声_扩建,P0102_噪声,P0102,佛山市智龙科技有限公司迁,C2929,噪声,A,double_verified
RULE_C2929_噪声_扩建,P0179_噪声,P0179,佛山市顺德区晨瑞塑胶有限公司迁,C2929,噪声,A,double_verified
RULE_C2929_噪声_扩建,P0179_噪声,P0179,佛山市顺德区晨瑞塑胶有限公司迁,C2929,噪声,A,double_verified
RULE_C2929_噪声_新建,P0002_噪声,P0002,佛山市塑裕新材料科技有限公司,C2929,噪声,A,double_verified
RULE_C2929_噪声_新建,P0020_噪声,P0020,佛山达意旺科技有限公司,C2929,噪声,A,double_verified
RULE_C2929_噪声_新建,P0051_噪声,P0051,佛山市顺德区达镕模具实业有限公司,C2929,噪声,A,double_verified
RULE_C2929_噪声_新建,P0055_噪声,P0055,广东省驰瑞合成汽车零部件制造有限公司,C2929,噪声,A,double_verified
RULE_C2929_噪声_新建,P0066_噪声,P0066,佛山市大隅新材料有限公司,C2929,噪声,A,double_verified
RULE_C2929_固废_扩建,P0102_固废,P0102,佛山市智龙科技有限公司迁,C2929,固废,C,partial_evidence
RULE_C2929_固废_扩建,P0179_固废,P0179,佛山市顺德区晨瑞塑胶有限公司迁,C2929,固废,C,partial_evidence
RULE_C2929_固废_新建,P0051_固废,P0051,佛山市顺德区达镕模具实业有限公司,C2929,固废,B,auto_verified
RULE_C2929_固废_新建,P0066_固废,P0066,佛山市大隅新材料有限公司,C2929,固废,B,auto_verified
RULE_C2929_固废_新建,P0069_固废,P0069,佛山市顺康荣新材料科技有限公司,C2929,固废,B,auto_verified
RULE_C2929_固废_新建,P0131_固废,P0131,佛山市顺德区振峰塑料模具制造有限公司分车间,C2929,固废,B,auto_verified
RULE_C2929_固废_新建,P0158_固废,P0158,佛山市顺德区容桂尔泽塑料五金制品厂搬迁项目,C2929,固废,B,auto_verified
RULE_C2929_废气_扩建,P0064_废气,P0064,佛山市顺德区恒百健塑料制品有限公司第二分公司,C2929,废气,C,partial_evidence
RULE_C2929_废气_扩建,P0179_废气,P0179,佛山市顺德区晨瑞塑胶有限公司迁,C2929,废气,C,partial_evidence
RULE_C2929_废气_扩建,P0179_废气,P0179,佛山市顺德区晨瑞塑胶有限公司迁,C2929,废气,C,partial_evidence
RULE_C2929_废气_扩建,P0179_废气,P0179,佛山市顺德区晨瑞塑胶有限公司迁,C2929,废气,C,partial_evidence
RULE_C2929_废气_扩建,P0179_废气,P0179,佛山市顺德区晨瑞塑胶有限公司迁,C2929,废气,C,partial_evidence
RULE_C2929_废气_新建,P0051_废气,P0051,佛山市顺德区达镕模具实业有限公司,C2929,废气,A,double_verified
RULE_C2929_废气_新建,P0066_废气,P0066,佛山市大隅新材料有限公司,C2929,废气,A,double_verified
RULE_C2929_废气_新建,P0069_废气,P0069,佛山市顺康荣新材料科技有限公司,C2929,废气,A,double_verified
RULE_C2929_废气_新建,P0112_废气,P0112,佛山市彩特新材料有限公司,C2929,废气,A,double_verified
RULE_C2929_废气_新建,P0112_废气,P0112,佛山市彩特新材料有限公司,C2929,废气,A,double_verified
RULE_C2929_废气_迁建,P0054_废气,P0054,佛山市顺德区匡工精密模具有限公司搬迁项目,C2929,废气,C,partial_evidence
RULE_C2929_废水_扩建,P0064_废水,P0064,佛山市顺德区恒百健塑料制品有限公司第二分公司,C2929,废水,A,double_verified
RULE_C2929_废水_扩建,P0102_废水,P0102,佛山市智龙科技有限公司迁,C2929,废水,A,double_verified
RULE_C2929_废水_扩建,P0179_废水,P0179,佛山市顺德区晨瑞塑胶有限公司迁,C2929,废水,A,double_verified
RULE_C2929_废水_扩建,P0190_废水,P0190,佛山市顺德区柯云电器有限公司迁改,C2929,废水,A,double_verified
RULE_C2929_废水_扩建,P0197_废水,P0197,佛山市华智弈胜科技有限公司,C2929,废水,A,double_verified
RULE_C2929_废水_新建,P0002_废水,P0002,佛山市塑裕新材料科技有限公司,C2929,废水,A,double_verified
RULE_C2929_废水_新建,P0020_废水,P0020,佛山达意旺科技有限公司,C2929,废水,A,double_verified
RULE_C2929_废水_新建,P0051_废水,P0051,佛山市顺德区达镕模具实业有限公司,C2929,废水,A,double_verified
RULE_C2929_废水_新建,P0055_废水,P0055,广东省驰瑞合成汽车零部件制造有限公司,C2929,废水,A,double_verified
RULE_C2929_废水_新建,P0066_废水,P0066,佛山市大隅新材料有限公司,C2929,废水,A,double_verified
RULE_C2929_废水_迁建,P0054_废水,P0054,佛山市顺德区匡工精密模具有限公司搬迁项目,C2929,废水,C,partial_evidence
RULE_C2929_总量_扩建,P0206_总量,P0206,佛山市乐华恒业厨卫有限公司,C2929,总量,C,partial_evidence
RULE_C2929_环境管理_扩建,P0102_环境管理,P0102,佛山市智龙科技有限公司迁,C2929,环境管理,C,partial_evidence
RULE_C2929_环境管理_新建,P0066_环境管理,P0066,佛山市大隅新材料有限公司,C2929,环境管理,C,partial_evidence
RULE_C2929_环境管理_新建,P0069_环境管理,P0069,佛山市顺康荣新材料科技有限公司,C2929,环境管理,C,partial_evidence
RULE_C2929_环境管理_新建,P0131_环境管理,P0131,佛山市顺德区振峰塑料模具制造有限公司分车间,C2929,环境管理,C,partial_evidence
RULE_C3029_噪声_新建,P0017_噪声,P0017,广东钿源科技有限公司,C3029,噪声,C,partial_evidence
RULE_C3029_废气_新建,P0017_废气,P0017,广东钿源科技有限公司,C3029,废气,C,partial_evidence
RULE_C3029_废水_新建,P0017_废水,P0017,广东钿源科技有限公司,C3029,废水,C,partial_evidence
RULE_C3059_危废_新建,P0117_危废,P0117,佛山市顺德区一骏实业有限公司,C3059,危废,C,partial_evidence
RULE_C3059_噪声_新建,P0117_噪声,P0117,佛山市顺德区一骏实业有限公司,C3059,噪声,C,partial_evidence
RULE_C3059_固废_新建,P0117_固废,P0117,佛山市顺德区一骏实业有限公司,C3059,固废,C,partial_evidence
RULE_C3059_废气_新建,P0117_废气,P0117,佛山市顺德区一骏实业有限公司,C3059,废气,C,partial_evidence
RULE_C3059_废水_新建,P0117_废水,P0117,佛山市顺德区一骏实业有限公司,C3059,废水,C,partial_evidence
RULE_C3252_危废_扩建,P0010_危废,P0010,广东思创达铝业科技有限公司改,C3252,危废,C,partial_evidence
RULE_C3252_废气_扩建,P0010_废气,P0010,广东思创达铝业科技有限公司改,C3252,废气,C,partial_evidence
RULE_C3252_废水_扩建,P0010_废水,P0010,广东思创达铝业科技有限公司改,C3252,废水,C,partial_evidence
RULE_C3311_危废_新建,P0156_危废,P0156,佛山市顺德区高鹏塑料有限公司迁,C3311,危废,C,partial_evidence
RULE_C3311_噪声_扩建,P0181_噪声,P0181,佛山市顺德区甬微制冷配件有限公司迁,C3311,噪声,C,partial_evidence
RULE_C3311_噪声_新建,P0012_噪声,P0012,佛山市顺德区顺志程塑胶制品有限公司改,C3311,噪声,C,partial_evidence
RULE_C3311_噪声_新建,P0156_噪声,P0156,佛山市顺德区高鹏塑料有限公司迁,C3311,噪声,C,partial_evidence
RULE_C3311_废气_扩建,P0181_废气,P0181,佛山市顺德区甬微制冷配件有限公司迁,C3311,废气,C,partial_evidence
RULE_C3311_废气_扩建,P0181_废气,P0181,佛山市顺德区甬微制冷配件有限公司迁,C3311,废气,C,partial_evidence
RULE_C3311_废气_新建,P0012_废气,P0012,佛山市顺德区顺志程塑胶制品有限公司改,C3311,废气,C,partial_evidence
RULE_C3311_废气_新建,P0156_废气,P0156,佛山市顺德区高鹏塑料有限公司迁,C3311,废气,C,partial_evidence
RULE_C3311_废气_新建,P0156_废气,P0156,佛山市顺德区高鹏塑料有限公司迁,C3311,废气,C,partial_evidence
RULE_C3311_废水_新建,P0012_废水,P0012,佛山市顺德区顺志程塑胶制品有限公司改,C3311,废水,C,partial_evidence
RULE_C3352_危废_扩建,P0210_危废,P0210,广东顺德谦鑫模具实业有限公司迁,C3352,危废,C,partial_evidence
RULE_C3352_噪声_扩建,P0210_噪声,P0210,广东顺德谦鑫模具实业有限公司迁,C3352,噪声,C,partial_evidence
RULE_C3352_废气_扩建,P0210_废气,P0210,广东顺德谦鑫模具实业有限公司迁,C3352,废气,C,partial_evidence
RULE_C3352_废气_扩建,P0210_废气,P0210,广东顺德谦鑫模具实业有限公司迁,C3352,废气,C,partial_evidence
RULE_C3360_危废_扩建,P0093_危废,P0093,佛山市亮宏不锈钢有限公司迁,C3360,危废,C,partial_evidence
RULE_C3360_危废_扩建,P0094_危废,P0094,佛山市亮宏不锈钢有限公司迁,C3360,危废,C,partial_evidence
RULE_C3360_危废_扩建,P0126_危废,P0126,佛山市天成达金属有限公司搬迁及改,C3360,危废,C,partial_evidence
RULE_C3360_危废_新建,P0086_危废,P0086,佛山市青泰金属有限公司,C3360,危废,C,partial_evidence
RULE_C3360_危废_新建,P0140_危废,P0140,佛山市顺德区乐鲸科技有限公司,C3360,危废,C,partial_evidence
RULE_C3360_危废_新建,P0218_危废,P0218,佛山市嘉昊阳新材料科技有限公司,C3360,危废,C,partial_evidence
RULE_C3360_危废_新建,P0219_危废,P0219,佛山市鑫发顺不锈钢有限公司,C3360,危废,C,partial_evidence
RULE_C3360_危废_新建,P0229_危废,P0229,佛山市顺德区朗艺五金有限公司,C3360,危废,C,partial_evidence
RULE_C3360_危废_迁建,P0119_危废,P0119,佛山市鸿尚宇金属材料有限公司,C3360,危废,C,partial_evidence
RULE_C3360_噪声_扩建,P0093_噪声,P0093,佛山市亮宏不锈钢有限公司迁,C3360,噪声,C,partial_evidence
RULE_C3360_噪声_扩建,P0094_噪声,P0094,佛山市亮宏不锈钢有限公司迁,C3360,噪声,C,partial_evidence
RULE_C3360_噪声_扩建,P0126_噪声,P0126,佛山市天成达金属有限公司搬迁及改,C3360,噪声,C,partial_evidence
RULE_C3360_噪声_新建,P0061_噪声,P0061,佛山市鑫金宝金属制品有限公司,C3360,噪声,C,partial_evidence
RULE_C3360_噪声_新建,P0086_噪声,P0086,佛山市青泰金属有限公司,C3360,噪声,C,partial_evidence
RULE_C3360_噪声_新建,P0149_噪声,P0149,佛山市顺德区童优汇鞋业有限公司,C3360,噪声,C,partial_evidence
RULE_C3360_噪声_新建,P0163_噪声,P0163,佛山市旭乾五金制品有限公司,C3360,噪声,C,partial_evidence
RULE_C3360_噪声_新建,P0218_噪声,P0218,佛山市嘉昊阳新材料科技有限公司,C3360,噪声,C,partial_evidence
RULE_C3360_固废_扩建,P0093_固废,P0093,佛山市亮宏不锈钢有限公司迁,C3360,固废,C,partial_evidence
RULE_C3360_固废_扩建,P0094_固废,P0094,佛山市亮宏不锈钢有限公司迁,C3360,固废,C,partial_evidence
RULE_C3360_固废_扩建,P0126_固废,P0126,佛山市天成达金属有限公司搬迁及改,C3360,固废,C,partial_evidence
RULE_C3360_固废_新建,P0086_固废,P0086,佛山市青泰金属有限公司,C3360,固废,C,partial_evidence
RULE_C3360_固废_新建,P0140_固废,P0140,佛山市顺德区乐鲸科技有限公司,C3360,固废,C,partial_evidence
RULE_C3360_固废_新建,P0218_固废,P0218,佛山市嘉昊阳新材料科技有限公司,C3360,固废,C,partial_evidence
RULE_C3360_固废_新建,P0219_固废,P0219,佛山市鑫发顺不锈钢有限公司,C3360,固废,C,partial_evidence
RULE_C3360_固废_新建,P0229_固废,P0229,佛山市顺德区朗艺五金有限公司,C3360,固废,C,partial_evidence
RULE_C3360_固废_迁建,P0119_固废,P0119,佛山市鸿尚宇金属材料有限公司,C3360,固废,C,partial_evidence
RULE_C3360_废气_扩建,P0093_废气,P0093,佛山市亮宏不锈钢有限公司迁,C3360,废气,C,partial_evidence
RULE_C3360_废气_扩建,P0094_废气,P0094,佛山市亮宏不锈钢有限公司迁,C3360,废气,C,partial_evidence
RULE_C3360_废气_扩建,P0126_废气,P0126,佛山市天成达金属有限公司搬迁及改,C3360,废气,C,partial_evidence
RULE_C3360_废气_新建,P0061_废气,P0061,佛山市鑫金宝金属制品有限公司,C3360,废气,A,double_verified
RULE_C3360_废气_新建,P0140_废气,P0140,佛山市顺德区乐鲸科技有限公司,C3360,废气,A,double_verified
RULE_C3360_废气_新建,P0149_废气,P0149,佛山市顺德区童优汇鞋业有限公司,C3360,废气,A,double_verified
RULE_C3360_废气_新建,P0163_废气,P0163,佛山市旭乾五金制品有限公司,C3360,废气,A,double_verified
RULE_C3360_废气_新建,P0218_废气,P0218,佛山市嘉昊阳新材料科技有限公司,C3360,废气,A,double_verified
RULE_C3360_废气_迁建,P0119_废气,P0119,佛山市鸿尚宇金属材料有限公司,C3360,废气,A,double_verified
RULE_C3360_废气_迁建,P0119_废气,P0119,佛山市鸿尚宇金属材料有限公司,C3360,废气,A,double_verified
RULE_C3360_废气_迁建,P0119_废气,P0119,佛山市鸿尚宇金属材料有限公司,C3360,废气,A,double_verified
RULE_C3360_废水_扩建,P0093_废水,P0093,佛山市亮宏不锈钢有限公司迁,C3360,废水,A,double_verified
RULE_C3360_废水_扩建,P0094_废水,P0094,佛山市亮宏不锈钢有限公司迁,C3360,废水,A,double_verified
RULE_C3360_废水_扩建,P0126_废水,P0126,佛山市天成达金属有限公司搬迁及改,C3360,废水,A,double_verified
RULE_C3360_废水_新建,P0086_废水,P0086,佛山市青泰金属有限公司,C3360,废水,B,auto_verified
RULE_C3360_废水_新建,P0140_废水,P0140,佛山市顺德区乐鲸科技有限公司,C3360,废水,B,auto_verified
RULE_C3360_废水_新建,P0149_废水,P0149,佛山市顺德区童优汇鞋业有限公司,C3360,废水,B,auto_verified
RULE_C3360_废水_新建,P0218_废水,P0218,佛山市嘉昊阳新材料科技有限公司,C3360,废水,B,auto_verified
RULE_C3360_环境管理_新建,P0086_环境管理,P0086,佛山市青泰金属有限公司,C3360,环境管理,C,partial_evidence
RULE_C3360_环境管理_迁建,P0119_环境管理,P0119,佛山市鸿尚宇金属材料有限公司,C3360,环境管理,C,partial_evidence
RULE_C3389_危废_扩建,P0232_危废,P0232,广东美智智能科技有限公司迁,C3389,危废,C,partial_evidence
RULE_C3389_噪声_扩建,P0232_噪声,P0232,广东美智智能科技有限公司迁,C3389,噪声,C,partial_evidence
RULE_C3389_废气_扩建,P0232_废气,P0232,广东美智智能科技有限公司迁,C3389,废气,C,partial_evidence
RULE_C3389_废气_扩建,P0232_废气,P0232,广东美智智能科技有限公司迁,C3389,废气,C,partial_evidence
RULE_C3389_废气_扩建,P0232_废气,P0232,广东美智智能科技有限公司迁,C3389,废气,C,partial_evidence
RULE_C3392_危废_新建,P0107_危废,P0107,佛山市顺德区鸿锻实业有限公司,C3392,危废,C,partial_evidence
RULE_C3392_危废_新建,P0199_危废,P0199,佛山市浩博瑞科技有限公司,C3392,危废,C,partial_evidence
RULE_C3392_危废_新建,P0201_危废,P0201,佛山市顺德区盈立方五金塑料制品有限公司迁,C3392,危废,C,partial_evidence
RULE_C3392_噪声_新建,P0107_噪声,P0107,佛山市顺德区鸿锻实业有限公司,C3392,噪声,C,partial_evidence
RULE_C3392_噪声_新建,P0199_噪声,P0199,佛山市浩博瑞科技有限公司,C3392,噪声,C,partial_evidence
RULE_C3392_噪声_新建,P0201_噪声,P0201,佛山市顺德区盈立方五金塑料制品有限公司迁,C3392,噪声,C,partial_evidence
RULE_C3392_固废_新建,P0107_固废,P0107,佛山市顺德区鸿锻实业有限公司,C3392,固废,C,partial_evidence
RULE_C3392_固废_新建,P0201_固废,P0201,佛山市顺德区盈立方五金塑料制品有限公司迁,C3392,固废,C,partial_evidence
RULE_C3392_废气_新建,P0107_废气,P0107,佛山市顺德区鸿锻实业有限公司,C3392,废气,C,partial_evidence
RULE_C3392_废气_新建,P0199_废气,P0199,佛山市浩博瑞科技有限公司,C3392,废气,C,partial_evidence
RULE_C3392_废气_新建,P0199_废气,P0199,佛山市浩博瑞科技有限公司,C3392,废气,C,partial_evidence
RULE_C3392_废气_新建,P0201_废气,P0201,佛山市顺德区盈立方五金塑料制品有限公司迁,C3392,废气,C,partial_evidence
RULE_C3392_废气_新建,P0201_废气,P0201,佛山市顺德区盈立方五金塑料制品有限公司迁,C3392,废气,C,partial_evidence
RULE_C3392_废水_新建,P0107_废水,P0107,佛山市顺德区鸿锻实业有限公司,C3392,废水,C,partial_evidence
RULE_C3392_废水_新建,P0201_废水,P0201,佛山市顺德区盈立方五金塑料制品有限公司迁,C3392,废水,C,partial_evidence
RULE_C3464_危废_新建,P0221_危废,P0221,佛山市博帆过滤设备有限公司,C3464,危废,C,partial_evidence
RULE_C3464_噪声_新建,P0221_噪声,P0221,佛山市博帆过滤设备有限公司,C3464,噪声,C,partial_evidence
RULE_C3464_废气_新建,P0221_废气,P0221,佛山市博帆过滤设备有限公司,C3464,废气,C,partial_evidence
RULE_C3464_废气_新建,P0221_废气,P0221,佛山市博帆过滤设备有限公司,C3464,废气,C,partial_evidence
RULE_C3483_噪声_扩建,P0106_噪声,P0106,佛山市顺德区庆图金属制品有限公司迁,C3483,噪声,C,partial_evidence
RULE_C3483_废水_扩建,P0106_废水,P0106,佛山市顺德区庆图金属制品有限公司迁,C3483,废水,C,partial_evidence
RULE_C3489_危废_新建,P0048_危废,P0048,深圳市富旺达精密五金制品有限公司顺德分公司,C3489,危废,C,partial_evidence
RULE_C3489_噪声_新建,P0048_噪声,P0048,深圳市富旺达精密五金制品有限公司顺德分公司,C3489,噪声,C,partial_evidence
RULE_C3489_固废_新建,P0048_固废,P0048,深圳市富旺达精密五金制品有限公司顺德分公司,C3489,固废,C,partial_evidence
RULE_C3489_废气_新建,P0048_废气,P0048,深圳市富旺达精密五金制品有限公司顺德分公司,C3489,废气,C,partial_evidence
RULE_C3489_废水_新建,P0048_废水,P0048,深圳市富旺达精密五金制品有限公司顺德分公司,C3489,废水,C,partial_evidence
RULE_C3581_危废_新建,P0216_危废,P0216,广东明坤科技有限公司,C3581,危废,C,partial_evidence
RULE_C3581_噪声_新建,P0216_噪声,P0216,广东明坤科技有限公司,C3581,噪声,C,partial_evidence
RULE_C3581_废气_新建,P0216_废气,P0216,广东明坤科技有限公司,C3581,废气,C,partial_evidence
RULE_C3670_噪声_扩建,P0154_噪声,P0154,佛山市诚雍电器实业有限公司迁改,C3670,噪声,C,partial_evidence
RULE_C3670_噪声_新建,P0161_噪声,P0161,佛山市顺德区用泓汽车用品有限公司,C3670,噪声,C,partial_evidence
RULE_C3670_废气_扩建,P0154_废气,P0154,佛山市诚雍电器实业有限公司迁改,C3670,废气,C,partial_evidence
RULE_C3670_废气_新建,P0161_废气,P0161,佛山市顺德区用泓汽车用品有限公司,C3670,废气,C,partial_evidence
RULE_C3670_废水_新建,P0161_废水,P0161,佛山市顺德区用泓汽车用品有限公司,C3670,废水,C,partial_evidence
RULE_C3812_危废_迁建,P0068_危废,P0068,佛山市宝尔德电机制造有限公司搬迁项目,C3812,危废,C,partial_evidence
RULE_C3812_噪声_迁建,P0068_噪声,P0068,佛山市宝尔德电机制造有限公司搬迁项目,C3812,噪声,C,partial_evidence
RULE_C3812_废气_迁建,P0068_废气,P0068,佛山市宝尔德电机制造有限公司搬迁项目,C3812,废气,C,partial_evidence
RULE_C3819_噪声_新建,P0233_噪声,P0233,广东顺德大地缘新材料有限公司,C3819,噪声,C,partial_evidence
RULE_C3819_废气_新建,P0233_废气,P0233,广东顺德大地缘新材料有限公司,C3819,废气,C,partial_evidence
RULE_C3819_废气_新建,P0233_废气,P0233,广东顺德大地缘新材料有限公司,C3819,废气,C,partial_evidence
RULE_C3819_废气_新建,P0233_废气,P0233,广东顺德大地缘新材料有限公司,C3819,废气,C,partial_evidence
RULE_C3821_危废_新建,P0039_危废,P0039,佛山市顺德区奥格威电子科技有限公司,C3821,危废,C,partial_evidence
RULE_C3821_危废_新建,P0223_危废,P0223,佛山市嘉昊阳新材料科技有限公司,C3821,危废,C,partial_evidence
RULE_C3821_噪声_新建,P0223_噪声,P0223,佛山市嘉昊阳新材料科技有限公司,C3821,噪声,C,partial_evidence
RULE_C3821_固废_新建,P0039_固废,P0039,佛山市顺德区奥格威电子科技有限公司,C3821,固废,C,partial_evidence
RULE_C3821_固废_新建,P0223_固废,P0223,佛山市嘉昊阳新材料科技有限公司,C3821,固废,C,partial_evidence
RULE_C3821_废气_新建,P0039_废气,P0039,佛山市顺德区奥格威电子科技有限公司,C3821,废气,C,partial_evidence
RULE_C3821_废气_新建,P0223_废气,P0223,佛山市嘉昊阳新材料科技有限公司,C3821,废气,C,partial_evidence
RULE_C3821_废水_新建,P0039_废水,P0039,佛山市顺德区奥格威电子科技有限公司,C3821,废水,C,partial_evidence
RULE_C3821_废水_新建,P0223_废水,P0223,佛山市嘉昊阳新材料科技有限公司,C3821,废水,C,partial_evidence
RULE_C3824_危废_新建,P0198_危废,P0198,广东满天红新能源股份有限公司,C3824,危废,C,partial_evidence
RULE_C3824_噪声_新建,P0198_噪声,P0198,广东满天红新能源股份有限公司,C3824,噪声,C,partial_evidence
RULE_C3824_废气_新建,P0198_废气,P0198,广东满天红新能源股份有限公司,C3824,废气,C,partial_evidence
RULE_C3824_废气_新建,P0198_废气,P0198,广东满天红新能源股份有限公司,C3824,废气,C,partial_evidence
RULE_C3824_废气_新建,P0198_废气,P0198,广东满天红新能源股份有限公司,C3824,废气,C,partial_evidence
RULE_C3824_废气_新建,P0198_废气,P0198,广东满天红新能源股份有限公司,C3824,废气,C,partial_evidence
RULE_C3824_废气_新建,P0198_废气,P0198,广东满天红新能源股份有限公司,C3824,废气,C,partial_evidence
RULE_C3856_噪声_新建,P0026_噪声,P0026,佛山市银惠科技有限公司,C3856,噪声,C,partial_evidence
RULE_C3856_废气_新建,P0026_废气,P0026,佛山市银惠科技有限公司,C3856,废气,C,partial_evidence
RULE_C3856_废水_新建,P0026_废水,P0026,佛山市银惠科技有限公司,C3856,废水,C,partial_evidence
RULE_C3857_危废_新建,P0057_危废,P0057,佛山市顺德区芯信电子厂,C3857,危废,C,partial_evidence
RULE_C3857_危废_新建,P0209_危废,P0209,佛山市新雷风金属科技有限公司,C3857,危废,C,partial_evidence
RULE_C3857_噪声_新建,P0116_噪声,P0116,佛山市顺德区睿裕电器制造有限公司,C3857,噪声,C,partial_evidence
RULE_C3857_噪声_新建,P0202_噪声,P0202,佛山市富潮盈电子有限公司,C3857,噪声,C,partial_evidence
RULE_C3857_噪声_新建,P0209_噪声,P0209,佛山市新雷风金属科技有限公司,C3857,噪声,C,partial_evidence
RULE_C3857_废气_新建,P0057_废气,P0057,佛山市顺德区芯信电子厂,C3857,废气,A,double_verified
RULE_C3857_废气_新建,P0057_废气,P0057,佛山市顺德区芯信电子厂,C3857,废气,A,double_verified
RULE_C3857_废气_新建,P0057_废气,P0057,佛山市顺德区芯信电子厂,C3857,废气,A,double_verified
RULE_C3857_废气_新建,P0116_废气,P0116,佛山市顺德区睿裕电器制造有限公司,C3857,废气,A,double_verified
RULE_C3857_废气_新建,P0202_废气,P0202,佛山市富潮盈电子有限公司,C3857,废气,A,double_verified
RULE_C3857_废水_新建,P0057_废水,P0057,佛山市顺德区芯信电子厂,C3857,废水,B,auto_verified
RULE_C3857_废水_新建,P0116_废水,P0116,佛山市顺德区睿裕电器制造有限公司,C3857,废水,B,auto_verified
RULE_C3857_废水_新建,P0202_废水,P0202,佛山市富潮盈电子有限公司,C3857,废水,B,auto_verified
RULE_C3861_废气_扩建,P0081_废气,P0081,广东万家乐燃气具有限公司改,C3861,废气,C,partial_evidence
RULE_C3861_废气_扩建,P0081_废气,P0081,广东万家乐燃气具有限公司改,C3861,废气,C,partial_evidence
RULE_C3861_废气_扩建,P0081_废气,P0081,广东万家乐燃气具有限公司改,C3861,废气,C,partial_evidence
RULE_C3872_噪声_新建,P0217_噪声,P0217,佛山市奥特龙电器科技有限公司,C3872,噪声,C,partial_evidence
RULE_C3872_废气_新建,P0217_废气,P0217,佛山市奥特龙电器科技有限公司,C3872,废气,B,auto_verified
RULE_C3872_废气_新建,P0217_废气,P0217,佛山市奥特龙电器科技有限公司,C3872,废气,B,auto_verified
RULE_C3872_废气_新建,P0217_废气,P0217,佛山市奥特龙电器科技有限公司,C3872,废气,B,auto_verified
RULE_C3872_废气_新建,P0217_废气,P0217,佛山市奥特龙电器科技有限公司,C3872,废气,B,auto_verified
RULE_C3872_废气_新建,P0217_废气,P0217,佛山市奥特龙电器科技有限公司,C3872,废气,B,auto_verified
RULE_C3872_废水_新建,P0217_废水,P0217,佛山市奥特龙电器科技有限公司,C3872,废水,C,partial_evidence
RULE_C3874_危废_新建,P0200_危废,P0200,佛山市煜敏杰光电科技有限公司,C3874,危废,C,partial_evidence
RULE_C3874_噪声_新建,P0200_噪声,P0200,佛山市煜敏杰光电科技有限公司,C3874,噪声,C,partial_evidence
RULE_C3874_固废_新建,P0200_固废,P0200,佛山市煜敏杰光电科技有限公司,C3874,固废,C,partial_evidence
RULE_C3874_废气_新建,P0200_废气,P0200,佛山市煜敏杰光电科技有限公司,C3874,废气,C,partial_evidence
RULE_C3874_废气_新建,P0200_废气,P0200,佛山市煜敏杰光电科技有限公司,C3874,废气,C,partial_evidence
RULE_C3874_废气_新建,P0200_废气,P0200,佛山市煜敏杰光电科技有限公司,C3874,废气,C,partial_evidence
RULE_C3874_废水_新建,P0200_废水,P0200,佛山市煜敏杰光电科技有限公司,C3874,废水,C,partial_evidence
RULE_C3979_噪声_新建,P0050_噪声,P0050,佛山市顺德区宏盛优环保科技有限公司,C3979,噪声,C,partial_evidence
RULE_C3979_废气_新建,P0050_废气,P0050,佛山市顺德区宏盛优环保科技有限公司,C3979,废气,C,partial_evidence
RULE_C3979_废水_新建,P0050_废水,P0050,佛山市顺德区宏盛优环保科技有限公司,C3979,废水,C,partial_evidence
RULE_C3979_环境管理_新建,P0050_环境管理,P0050,佛山市顺德区宏盛优环保科技有限公司,C3979,环境管理,C,partial_evidence
RULE_O8222_噪声_新建,P0087_噪声,P0087,佛山市顺德乐从瑞派先诺宠物医院有限公司,O8222,噪声,C,partial_evidence
RULE_O8222_废气_新建,P0087_废气,P0087,佛山市顺德乐从瑞派先诺宠物医院有限公司,O8222,废气,C,partial_evidence
RULE_O8222_废水_新建,P0087_废水,P0087,佛山市顺德乐从瑞派先诺宠物医院有限公司,O8222,废水,C,partial_evidence
